objectPath,objectName,objectType,id
/Explore/first project/seq,mct_m_seq_agent,MTT,3QRKtHalnxvildm2DOWWeL
/Explore/first project/lookup,m_lookup_country_region,DTEMPLATE,d24lSlM1wGxgyiObXQD5sU
/Explore/first project/folder1,m_tgt_location_dim,DTEMPLATE,0maxi5TAd7Dfd8wwWrzxk7
/Explore/first project/stored_procedures,m_stored_procedures,DTEMPLATE,4Ncynk7hBWYi6nuobdwk0O
/Explore/first project/dynamic_LOOKUP,m_dynamic_lokkup_emp_scd_type1,DTEMPLATE,7zqJxSyvCFYb4fuWhAPJMd
/SYS,SRUTHIMOL,AgentGroup,3FgI7rEpI81e1Tar7R314a
/Explore/first project/unconnect_lookup,m_UNCONNECTED_LOOKUP_CAR,DTEMPLATE,gWA4t6hY0ubgaFHcKUBAqf
/Explore/first project/stg_incremet_emp,m_stg_increment_scd_typ1,MTT,0nlSLJuBxi3fFdaRGHSBWw
/Explore/first project/lookup,Mapping3,DTEMPLATE,8SFqgUJBHDNjpI0pmPEr0F
/Explore/first project/UNION,mct_m_rank_union,MTT,a8EGEjWTIuogz09A99XLe6
/Explore/first project/Mini_Project,mct_m_fact_load,MTT,7eEmeWDP6rgbmJkOIaHxIU
/Explore/first project,quater transformation,Folder,916JXmI3hTedhOmGHmbA0E
/SYS,conn_tgt_FF,Connection,lnYHxxgAdCxli1cdAFS9WZ
/Explore/first project,transaction_control,Folder,gnwKCBKv5yTgicMnHfBu29
/Explore/first project,expression transformation,Folder,0e9MSAjIXmUhmJc43u6V0m
/Explore/first project/Normalization,mct_m_noramlization_store,MTT,0CXNX1DfcU2cFOl9tPQyCJ
/Explore/first project/dynamic_LOOKUP,mct_m_dynamic_lokkup_emp_scd_type1,MTT,2HyDX6UFzWbikNRq6nunc4
/Explore/first project/stored_procedures,mct_m_stored_procedures,MTT,8sC0KBzQ9GJfjMBVn5Elil
/Explore/first project/scd_typ2,mct_m_scdtyp2_emp,MTT,5X401uV6kaldwZB0e9Ksmt
/Explore/first project/Mini_Project,mct_scdType2_cust,MTT,3cpScNhYh86jYCQ6KMqAwp
/Explore/first project,UNION,Folder,atUqW8AKLcFlxoOgO2QKie
/Explore/first project/lookup,m_look_SNF,DTEMPLATE,aXiLUpecuMEeTDFUk9YugY
/Explore/first project/scd_typ2,m_scdtyp2_emp,DTEMPLATE,hKQ5exmQDSydXH7ftIqvqa
/Explore/first project,scd_typ2,Folder,aMD9JY9HYlOc1m0mWuzyWq
/Explore/first project/folder1,mct_m_tgt_products,MTT,4kf064RJLCWcD2CqgLUauq
/Explore/first project,stg_incremet_emp,Folder,6ee95V8YGAwb5onJk2d0y9
/Explore/first project,dynamic_LOOKUP,Folder,7wAoUAmlM1RbY1ZpdS8rYW
/Explore/first project/seq,m_seq_agent,DTEMPLATE,1GRqrn4BW8vl9zLu8aTxW2
/Explore/first project/folder1,mct_m_employees,MTT,fXbmSLkdyuvlSdtH3fcecg
/Explore/first project/Mini_Project,m_fact_load,DTEMPLATE,5PbGpBJu1KOk4b0k8WXjQz
/Explore/first project/transaction_control,mct_m_transaction_control,MTT,0LsoOHy0EBDd05g4b9ArmE
/Explore/first project,sharedSEQ,Folder,40VOcjLX6Fkl65OSkF9gmf
/Explore/first project/lookup,mct_m_lookup_loc_cus,MTT,gIokrGpuKkRloJSetir2Wr
/Explore/first project,lookup,Folder,7SuRKL1GveggRgLrNbvsGi
/Explore/first project/folder1,mct_m_agent,MTT,419dcx5Xk4gheAzjmbv0Ov
/Explore/first project/expression transformation,m_exptrasm,DTEMPLATE,3yrjv27mj8jbpZsoOujMw8
/Explore/first project/folder1,m_roter_emp,DTEMPLATE,0iVQzK8qMIabnaUfX1GGGN
/Explore/first project/quater transformation,m_tgt_agents,DTEMPLATE,9v1PpW0b9htiI5SkxYRdkg
/Explore/first project/folder1,mct_m_tgt_location_dim,MTT,jF4Za2emcEfeQSeHL7aIMW
/Explore/first project/Mini_Project,m_FF_tab,DTEMPLATE,2MbwWGcyNOMkFOt51x26U9
/SYS,conn_ot_stg_dev,Connection,4P0cbUXdVF2cXjrgjDXK2d
/Explore/first project/quater transformation,mct_m_order_quater,MTT,d6OpVlWCUqljTDWgpy3OgF
/Explore/first project/lookup,mct_m_lookup_warehouse_loc,MTT,3ZztkUN0SwOjNxWXSnD0QN
/Explore/first project/folder1,mct_m_roter_emp,MTT,8EDHIvWelpviJqD3WfK7sV
/Explore/first project/unconnect_lookup,mct_m_UNCONNECTED_LOOKUP_CAR,MTT,8M8kERyfIHjeZmDVNTG204
/Explore/first project/Mini_Project,scdType2_cust,DTEMPLATE,aPxZWiuXyeZh6cxyephV8h
/Explore/first project/folder1,m_tgt_products,DTEMPLATE,a98nCSSnMbPe1i56fjjs2B
/Explore/first project/transaction_control,m_transaction_control,DTEMPLATE,j7ObYTspU8zjudin22Byg6
/SYS,conn_src_FF,Connection,3aamZ5v8Y1LceUUsSqmp8C
/SYS,conn_ot_tgt_dev3,Connection,aVSsG5njaobiR5lEKcKyiW
/Explore/first project/quater transformation,m_order_quater,DTEMPLATE,0UkC6yz9ZCDb2f7vI102IQ
/Explore/first project/folder1,m_tgt_product,DTEMPLATE,2Y4hQOA5yCebHI1si3DJKn
/SYS,conn_ot_dim_dev,Connection,1OBGvIYZCaBffvdyRsX4iH
/Explore/first project/Normalization,m_noramlization_store,DTEMPLATE,aS3RTyf7z6ZlUjBwnXAtq8
/Explore/first project/sharedSEQ,mct_m_sharedsequence,MTT,1r6iBItiCHXeNXUveh75UF
/Explore/first project/expression transformation,mct_m_exptrasm,MTT,hHjsmTruHUCiWLQWJywlCm
/Explore/first project,seq,Folder,5GfahhhalkQfj3h83P8luj
/SYS,conn_ot_src_dev3,Connection,7pyn2xb3vc6d0IuTv8Mouj
/Explore/first project/expression transformation,mct_Mapping2,MTT,4TCkqeYBiD8cy18Ls8vyQ3
/Explore/first project/lookup,mct_m_lookup_country_region,MTT,0O9xell3P02btFg48b4xaa
/SYS,conn_tgt_dev_SNOWFLAKE,Connection,jxWVW0WBB2yeL5UZ7kY7qO
/Explore/first project,unconnect_lookup,Folder,8BB2xjAP8NDgDc8vXVMlsE
/Explore/first project/expression transformation,Mapping2,DTEMPLATE,2CrcorlQnafe8l4DEmaqWB
/Explore/first project,stored_procedures,Folder,0GotgKcXacSiwuW6DIoOoz
/Explore/first project/folder1,m_employees,DTEMPLATE,gKyJioE0R2geec4QctArG5
/Explore,first project,Project,4LzG5kk8DlMc7MQzX9y4ap
/Explore/first project/lookup,mct_m_look_SNF,MTT,4KPX0HDQ7UpkVNwBCvpnGD
/Explore/first project/lookup,m_lookup_warehouse_loc,DTEMPLATE,8aI0IQbUQUrlO6fsoc4WqE
/Explore/first project/Mini_Project,m_scdType2_product,DTEMPLATE,8OzOjigOfYFdb5S4sBxJmZ
/Explore/first project/stored_procedures,mct_m_storeProcedure_unconnected,MTT,2I5ilfP2D32c1M0wlbdusk
/Explore/first project/folder1,m_agent,DTEMPLATE,fuVVoM0Qa8Ki2rGiGtYrsH
/Explore/first project/Mini_Project,mct_m_scdType2_emp,MTT,9u73uUB4iepiWrrUifOpGA
/Explore/first project,Mini_Project,Folder,hdjvMsNW5EZeYmU6ypTYQY
/Explore/first project/Mini_Project,mct_m_FF_tab,MTT,expcOTlpkQZbuyhBCL4g81
/Explore/first project/Mini_Project,m_incremental_load,DTEMPLATE,4B06ca84ea9eTCdiqjzQ0H
/Explore/first project/sharedSEQ,m_sharedsequence,DTEMPLATE,9SmEaBTH6Kehp2iK7GWEQA
/Explore/first project/Mini_Project,mct_m_scdType2_product,MTT,bcUuFQd108fbhuyzx9DnQz
/Explore/first project,flat file,Folder,93I4Nhg0MrrflgDK9KWsEL
/Explore/first project/stg_incremet_emp,Shared Sequence1,SequenceGenerator,7baYOOzo4oiePHhBxt8UuZ
/Explore/first project/quater transformation,MCT_m_tgt_agents,MTT,bVNJPPOc1YHibRyUAW3lAV
/Explore/first project/stored_procedures,m_storeProcedure_unconnected,DTEMPLATE,hgNNTxFNhKjh0Sg8soQAie
/Explore/first project/lookup,m_lookup_loc_cus,DTEMPLATE,4pS0Woy30WRfHgA5EVJE6Y
/Explore/first project/Mini_Project,m_scdType2_emp,DTEMPLATE,7TUAZd7sT7ObslZgeEfPcH
/Explore/first project/sharedSEQ,m_seq_share_product,DTEMPLATE,1lg3ouMDruqhcW92yK51qy
/Explore/first project/folder1,mct_m_couontry,MTT,dVdXa5tyx29jM9XhEHpBEv
/Explore/first project/Mini_Project,mct_m_scdTYpe2_deal,MTT,idIfZUsKge5i2w9EmqWiiu
/Explore/first project/UNION,m_rank_union,DTEMPLATE,8jaYmSkt8fdhKQoxUNClos
/Explore/first project/Mini_Project,Mapping4,DTEMPLATE,e27gVGENBMofvFsEoOLd29
/Explore/first project,folder1,Folder,3Taxdj3TjIMhJ6L1ms8Jut
/Explore/first project/Mini_Project,mct_m_incremental_load,MTT,b77xSqUJV26hiClCtHJqe2
/Explore/first project,Normalization,Folder,0WE9OsD4piMidqoZiMtWaL
/Explore/first project/Mini_Project,m_scdTYpe2_deal,DTEMPLATE,2aBJqwa12BdcspvrCk1p0p
/Explore/first project/folder1,Mapping1,DTEMPLATE,1B7szpSe9KQglXgIsa3jWT
/Explore/first project/stg_incremet_emp,m_stg_increment_scd_typ1,DTEMPLATE,hNEf9ERSfkgcxtjtXHNg4O