{
  "name" : "first project-1728405628507",
  "sourceOrgId" : "27bQ7RXdRilklNYk7fn3gl",
  "sourceOrgName" : "virtusa",
  "exportedObjects" : [ {
    "objectGuid" : "3QRKtHalnxvildm2DOWWeL",
    "objectName" : "mct_m_seq_agent",
    "objectType" : "MTT",
    "path" : "/Explore/first project/seq",
    "metadata" : {
      "modelVersion" : {
        "major" : 0,
        "minor" : 0
      },
      "repoInfo" : {
        "repoHandle" : "012PP90Z000000000011"
      },
      "objectRefs" : [ "3FgI7rEpI81e1Tar7R314a", "aVSsG5njaobiR5lEKcKyiW", "1GRqrn4BW8vl9zLu8aTxW2", "7pyn2xb3vc6d0IuTv8Mouj" ],
      "contextAttributes" : [ {
        "name" : "id",
        "value" : "@1"
      } ],
      "additionalInfo" : {
        "description" : null,
        "contentType" : "JSON",
        "documentState" : "VALID"
      }
    }
  }, {
    "objectGuid" : "d24lSlM1wGxgyiObXQD5sU",
    "objectName" : "m_lookup_country_region",
    "objectType" : "DTEMPLATE",
    "path" : "/Explore/first project/lookup",
    "metadata" : {
      "modelVersion" : {
        "major" : 0,
        "minor" : 0
      },
      "repoInfo" : {
        "repoHandle" : "012PP91700000000000U"
      },
      "objectRefs" : [ "aVSsG5njaobiR5lEKcKyiW", "7pyn2xb3vc6d0IuTv8Mouj" ],
      "contextAttributes" : [ {
        "name" : "id",
        "value" : "@1"
      } ],
      "additionalInfo" : {
        "description" : "",
        "contentType" : "JSON",
        "documentState" : "VALID"
      }
    }
  }, {
    "objectGuid" : "0maxi5TAd7Dfd8wwWrzxk7",
    "objectName" : "m_tgt_location_dim",
    "objectType" : "DTEMPLATE",
    "path" : "/Explore/first project/folder1",
    "metadata" : {
      "modelVersion" : {
        "major" : 0,
        "minor" : 0
      },
      "repoInfo" : {
        "repoHandle" : "012PP917000000000008"
      },
      "objectRefs" : [ "aVSsG5njaobiR5lEKcKyiW", "7pyn2xb3vc6d0IuTv8Mouj" ],
      "contextAttributes" : [ {
        "name" : "id",
        "value" : "@1"
      } ],
      "additionalInfo" : {
        "description" : "",
        "contentType" : "JSON",
        "documentState" : "VALID"
      }
    }
  }, {
    "objectGuid" : "4Ncynk7hBWYi6nuobdwk0O",
    "objectName" : "m_stored_procedures",
    "objectType" : "DTEMPLATE",
    "path" : "/Explore/first project/stored_procedures",
    "metadata" : {
      "modelVersion" : {
        "major" : 0,
        "minor" : 0
      },
      "repoInfo" : {
        "repoHandle" : "012PP91700000000001G"
      },
      "objectRefs" : [ "jxWVW0WBB2yeL5UZ7kY7qO", "7pyn2xb3vc6d0IuTv8Mouj" ],
      "contextAttributes" : [ {
        "name" : "id",
        "value" : "@1"
      } ],
      "additionalInfo" : {
        "description" : "",
        "contentType" : "JSON",
        "documentState" : "VALID"
      }
    }
  }, {
    "objectGuid" : "7zqJxSyvCFYb4fuWhAPJMd",
    "objectName" : "m_dynamic_lokkup_emp_scd_type1",
    "objectType" : "DTEMPLATE",
    "path" : "/Explore/first project/dynamic_LOOKUP",
    "metadata" : {
      "modelVersion" : {
        "major" : 0,
        "minor" : 0
      },
      "repoInfo" : {
        "repoHandle" : "012PP91700000000001C"
      },
      "objectRefs" : [ "1OBGvIYZCaBffvdyRsX4iH", "4P0cbUXdVF2cXjrgjDXK2d", "7pyn2xb3vc6d0IuTv8Mouj" ],
      "contextAttributes" : [ {
        "name" : "id",
        "value" : "@1"
      } ],
      "additionalInfo" : {
        "description" : "SCD Type 1 source to stage by incremental and stage to dimensional using scd type 1 dynamic look up and dynamic look up used to eliminate duplicate key ",
        "contentType" : "JSON",
        "documentState" : "VALID"
      }
    }
  }, {
    "objectGuid" : "3FgI7rEpI81e1Tar7R314a",
    "objectName" : "SRUTHIMOL",
    "objectType" : "AgentGroup",
    "path" : "/SYS",
    "metadata" : {
      "modelVersion" : {
        "major" : 0,
        "minor" : 0
      },
      "repoInfo" : {
        "repoHandle" : "012PP925000000000007"
      },
      "objectRefs" : [ ],
      "contextAttributes" : [ {
        "name" : "id",
        "value" : "@1"
      } ],
      "additionalInfo" : {
        "description" : null,
        "contentType" : "JSON",
        "documentState" : "VALID"
      }
    }
  }, {
    "objectGuid" : "gWA4t6hY0ubgaFHcKUBAqf",
    "objectName" : "m_UNCONNECTED_LOOKUP_CAR",
    "objectType" : "DTEMPLATE",
    "path" : "/Explore/first project/unconnect_lookup",
    "metadata" : {
      "modelVersion" : {
        "major" : 0,
        "minor" : 0
      },
      "repoInfo" : {
        "repoHandle" : "012PP91700000000001D"
      },
      "objectRefs" : [ "aVSsG5njaobiR5lEKcKyiW", "7pyn2xb3vc6d0IuTv8Mouj" ],
      "contextAttributes" : [ {
        "name" : "id",
        "value" : "@1"
      } ],
      "additionalInfo" : {
        "description" : "",
        "contentType" : "JSON",
        "documentState" : "VALID"
      }
    }
  }, {
    "objectGuid" : "0nlSLJuBxi3fFdaRGHSBWw",
    "objectName" : "m_stg_increment_scd_typ1",
    "objectType" : "MTT",
    "path" : "/Explore/first project/stg_incremet_emp",
    "metadata" : {
      "modelVersion" : {
        "major" : 0,
        "minor" : 0
      },
      "repoInfo" : {
        "repoHandle" : "012PP90Z000000000012"
      },
      "objectRefs" : [ "3FgI7rEpI81e1Tar7R314a", "1OBGvIYZCaBffvdyRsX4iH", "hNEf9ERSfkgcxtjtXHNg4O", "4P0cbUXdVF2cXjrgjDXK2d", "7pyn2xb3vc6d0IuTv8Mouj" ],
      "contextAttributes" : [ {
        "name" : "id",
        "value" : "@1"
      } ],
      "additionalInfo" : {
        "description" : null,
        "contentType" : "JSON",
        "documentState" : "VALID"
      }
    }
  }, {
    "objectGuid" : "8SFqgUJBHDNjpI0pmPEr0F",
    "objectName" : "Mapping3",
    "objectType" : "DTEMPLATE",
    "path" : "/Explore/first project/lookup",
    "metadata" : {
      "modelVersion" : {
        "major" : 0,
        "minor" : 0
      },
      "repoInfo" : {
        "repoHandle" : "012PP91700000000000W"
      },
      "objectRefs" : [ "jxWVW0WBB2yeL5UZ7kY7qO", "7pyn2xb3vc6d0IuTv8Mouj" ],
      "contextAttributes" : [ {
        "name" : "id",
        "value" : "@1"
      } ],
      "additionalInfo" : {
        "description" : "",
        "contentType" : "JSON",
        "documentState" : "INVALID"
      }
    }
  }, {
    "objectGuid" : "a8EGEjWTIuogz09A99XLe6",
    "objectName" : "mct_m_rank_union",
    "objectType" : "MTT",
    "path" : "/Explore/first project/UNION",
    "metadata" : {
      "modelVersion" : {
        "major" : 0,
        "minor" : 0
      },
      "repoInfo" : {
        "repoHandle" : "012PP90Z00000000000W"
      },
      "objectRefs" : [ "3FgI7rEpI81e1Tar7R314a", "3aamZ5v8Y1LceUUsSqmp8C", "aVSsG5njaobiR5lEKcKyiW", "8jaYmSkt8fdhKQoxUNClos", "7pyn2xb3vc6d0IuTv8Mouj" ],
      "contextAttributes" : [ {
        "name" : "id",
        "value" : "@1"
      } ],
      "additionalInfo" : {
        "description" : null,
        "contentType" : "JSON",
        "documentState" : "VALID"
      }
    }
  }, {
    "objectGuid" : "7eEmeWDP6rgbmJkOIaHxIU",
    "objectName" : "mct_m_fact_load",
    "objectType" : "MTT",
    "path" : "/Explore/first project/Mini_Project",
    "metadata" : {
      "modelVersion" : {
        "major" : 0,
        "minor" : 0
      },
      "repoInfo" : {
        "repoHandle" : "012PP90Z00000000001C"
      },
      "objectRefs" : [ "3FgI7rEpI81e1Tar7R314a", "5PbGpBJu1KOk4b0k8WXjQz", "1OBGvIYZCaBffvdyRsX4iH", "4P0cbUXdVF2cXjrgjDXK2d" ],
      "contextAttributes" : [ {
        "name" : "id",
        "value" : "@1"
      } ],
      "additionalInfo" : {
        "description" : null,
        "contentType" : "JSON",
        "documentState" : "VALID"
      }
    }
  }, {
    "objectGuid" : "916JXmI3hTedhOmGHmbA0E",
    "objectName" : "quater transformation",
    "objectType" : "Folder",
    "path" : "/Explore/first project",
    "metadata" : {
      "modelVersion" : {
        "major" : 0,
        "minor" : 0
      },
      "repoInfo" : null,
      "objectRefs" : [ ],
      "contextAttributes" : [ ],
      "additionalInfo" : {
        "description" : "",
        "contentType" : "Binary",
        "documentState" : "COMPLETE"
      }
    }
  }, {
    "objectGuid" : "lnYHxxgAdCxli1cdAFS9WZ",
    "objectName" : "conn_tgt_FF",
    "objectType" : "Connection",
    "path" : "/SYS",
    "metadata" : {
      "modelVersion" : {
        "major" : 0,
        "minor" : 0
      },
      "repoInfo" : {
        "repoHandle" : "012PP90B000000000006"
      },
      "objectRefs" : [ "3FgI7rEpI81e1Tar7R314a" ],
      "contextAttributes" : [ {
        "name" : "id",
        "value" : "@1"
      } ],
      "additionalInfo" : {
        "description" : null,
        "contentType" : "JSON",
        "documentState" : "COMPLETE"
      }
    }
  }, {
    "objectGuid" : "gnwKCBKv5yTgicMnHfBu29",
    "objectName" : "transaction_control",
    "objectType" : "Folder",
    "path" : "/Explore/first project",
    "metadata" : {
      "modelVersion" : {
        "major" : 0,
        "minor" : 0
      },
      "repoInfo" : null,
      "objectRefs" : [ ],
      "contextAttributes" : [ ],
      "additionalInfo" : {
        "description" : "flat file to flat file ",
        "contentType" : "Binary",
        "documentState" : "COMPLETE"
      }
    }
  }, {
    "objectGuid" : "0e9MSAjIXmUhmJc43u6V0m",
    "objectName" : "expression transformation",
    "objectType" : "Folder",
    "path" : "/Explore/first project",
    "metadata" : {
      "modelVersion" : {
        "major" : 0,
        "minor" : 0
      },
      "repoInfo" : null,
      "objectRefs" : [ ],
      "contextAttributes" : [ ],
      "additionalInfo" : {
        "description" : "",
        "contentType" : "Binary",
        "documentState" : "COMPLETE"
      }
    }
  }, {
    "objectGuid" : "0CXNX1DfcU2cFOl9tPQyCJ",
    "objectName" : "mct_m_noramlization_store",
    "objectType" : "MTT",
    "path" : "/Explore/first project/Normalization",
    "metadata" : {
      "modelVersion" : {
        "major" : 0,
        "minor" : 0
      },
      "repoInfo" : {
        "repoHandle" : "012PP90Z00000000001G"
      },
      "objectRefs" : [ "3FgI7rEpI81e1Tar7R314a", "3aamZ5v8Y1LceUUsSqmp8C", "lnYHxxgAdCxli1cdAFS9WZ", "aS3RTyf7z6ZlUjBwnXAtq8" ],
      "contextAttributes" : [ {
        "name" : "id",
        "value" : "@1"
      } ],
      "additionalInfo" : {
        "description" : null,
        "contentType" : "JSON",
        "documentState" : "VALID"
      }
    }
  }, {
    "objectGuid" : "2HyDX6UFzWbikNRq6nunc4",
    "objectName" : "mct_m_dynamic_lokkup_emp_scd_type1",
    "objectType" : "MTT",
    "path" : "/Explore/first project/dynamic_LOOKUP",
    "metadata" : {
      "modelVersion" : {
        "major" : 0,
        "minor" : 0
      },
      "repoInfo" : {
        "repoHandle" : "012PP90Z00000000001D"
      },
      "objectRefs" : [ "3FgI7rEpI81e1Tar7R314a", "1OBGvIYZCaBffvdyRsX4iH", "7zqJxSyvCFYb4fuWhAPJMd", "4P0cbUXdVF2cXjrgjDXK2d", "7pyn2xb3vc6d0IuTv8Mouj" ],
      "contextAttributes" : [ {
        "name" : "id",
        "value" : "@1"
      } ],
      "additionalInfo" : {
        "description" : null,
        "contentType" : "JSON",
        "documentState" : "VALID"
      }
    }
  }, {
    "objectGuid" : "8sC0KBzQ9GJfjMBVn5Elil",
    "objectName" : "mct_m_stored_procedures",
    "objectType" : "MTT",
    "path" : "/Explore/first project/stored_procedures",
    "metadata" : {
      "modelVersion" : {
        "major" : 0,
        "minor" : 0
      },
      "repoInfo" : {
        "repoHandle" : "012PP90Z00000000001H"
      },
      "objectRefs" : [ "3FgI7rEpI81e1Tar7R314a", "jxWVW0WBB2yeL5UZ7kY7qO", "4Ncynk7hBWYi6nuobdwk0O", "7pyn2xb3vc6d0IuTv8Mouj" ],
      "contextAttributes" : [ {
        "name" : "id",
        "value" : "@1"
      } ],
      "additionalInfo" : {
        "description" : null,
        "contentType" : "JSON",
        "documentState" : "VALID"
      }
    }
  }, {
    "objectGuid" : "5X401uV6kaldwZB0e9Ksmt",
    "objectName" : "mct_m_scdtyp2_emp",
    "objectType" : "MTT",
    "path" : "/Explore/first project/scd_typ2",
    "metadata" : {
      "modelVersion" : {
        "major" : 0,
        "minor" : 0
      },
      "repoInfo" : {
        "repoHandle" : "012PP90Z000000000015"
      },
      "objectRefs" : [ "3FgI7rEpI81e1Tar7R314a", "1OBGvIYZCaBffvdyRsX4iH", "hKQ5exmQDSydXH7ftIqvqa", "4P0cbUXdVF2cXjrgjDXK2d", "7pyn2xb3vc6d0IuTv8Mouj" ],
      "contextAttributes" : [ {
        "name" : "id",
        "value" : "@1"
      } ],
      "additionalInfo" : {
        "description" : null,
        "contentType" : "JSON",
        "documentState" : "VALID"
      }
    }
  }, {
    "objectGuid" : "3cpScNhYh86jYCQ6KMqAwp",
    "objectName" : "mct_scdType2_cust",
    "objectType" : "MTT",
    "path" : "/Explore/first project/Mini_Project",
    "metadata" : {
      "modelVersion" : {
        "major" : 0,
        "minor" : 0
      },
      "repoInfo" : {
        "repoHandle" : "012PP90Z000000000018"
      },
      "objectRefs" : [ "3FgI7rEpI81e1Tar7R314a", "1OBGvIYZCaBffvdyRsX4iH", "aPxZWiuXyeZh6cxyephV8h", "4P0cbUXdVF2cXjrgjDXK2d" ],
      "contextAttributes" : [ {
        "name" : "id",
        "value" : "@1"
      } ],
      "additionalInfo" : {
        "description" : null,
        "contentType" : "JSON",
        "documentState" : "VALID"
      }
    }
  }, {
    "objectGuid" : "atUqW8AKLcFlxoOgO2QKie",
    "objectName" : "UNION",
    "objectType" : "Folder",
    "path" : "/Explore/first project",
    "metadata" : {
      "modelVersion" : {
        "major" : 0,
        "minor" : 0
      },
      "repoInfo" : null,
      "objectRefs" : [ ],
      "contextAttributes" : [ ],
      "additionalInfo" : {
        "description" : "",
        "contentType" : "Binary",
        "documentState" : "COMPLETE"
      }
    }
  }, {
    "objectGuid" : "aXiLUpecuMEeTDFUk9YugY",
    "objectName" : "m_look_SNF",
    "objectType" : "DTEMPLATE",
    "path" : "/Explore/first project/lookup",
    "metadata" : {
      "modelVersion" : {
        "major" : 0,
        "minor" : 0
      },
      "repoInfo" : {
        "repoHandle" : "012PP91700000000000X"
      },
      "objectRefs" : [ "jxWVW0WBB2yeL5UZ7kY7qO", "7pyn2xb3vc6d0IuTv8Mouj" ],
      "contextAttributes" : [ {
        "name" : "id",
        "value" : "@1"
      } ],
      "additionalInfo" : {
        "description" : "",
        "contentType" : "JSON",
        "documentState" : "VALID"
      }
    }
  }, {
    "objectGuid" : "hKQ5exmQDSydXH7ftIqvqa",
    "objectName" : "m_scdtyp2_emp",
    "objectType" : "DTEMPLATE",
    "path" : "/Explore/first project/scd_typ2",
    "metadata" : {
      "modelVersion" : {
        "major" : 0,
        "minor" : 0
      },
      "repoInfo" : {
        "repoHandle" : "012PP917000000000012"
      },
      "objectRefs" : [ "1OBGvIYZCaBffvdyRsX4iH", "4P0cbUXdVF2cXjrgjDXK2d", "7pyn2xb3vc6d0IuTv8Mouj" ],
      "contextAttributes" : [ {
        "name" : "id",
        "value" : "@1"
      } ],
      "additionalInfo" : {
        "description" : "",
        "contentType" : "JSON",
        "documentState" : "VALID"
      }
    }
  }, {
    "objectGuid" : "aMD9JY9HYlOc1m0mWuzyWq",
    "objectName" : "scd_typ2",
    "objectType" : "Folder",
    "path" : "/Explore/first project",
    "metadata" : {
      "modelVersion" : {
        "major" : 0,
        "minor" : 0
      },
      "repoInfo" : null,
      "objectRefs" : [ ],
      "contextAttributes" : [ ],
      "additionalInfo" : {
        "description" : "",
        "contentType" : "Binary",
        "documentState" : "COMPLETE"
      }
    }
  }, {
    "objectGuid" : "4kf064RJLCWcD2CqgLUauq",
    "objectName" : "mct_m_tgt_products",
    "objectType" : "MTT",
    "path" : "/Explore/first project/folder1",
    "metadata" : {
      "modelVersion" : {
        "major" : 0,
        "minor" : 0
      },
      "repoInfo" : {
        "repoHandle" : "012PP90Z000000000004"
      },
      "objectRefs" : [ "3FgI7rEpI81e1Tar7R314a", "a98nCSSnMbPe1i56fjjs2B", "aVSsG5njaobiR5lEKcKyiW", "7pyn2xb3vc6d0IuTv8Mouj" ],
      "contextAttributes" : [ {
        "name" : "id",
        "value" : "@1"
      } ],
      "additionalInfo" : {
        "description" : null,
        "contentType" : "JSON",
        "documentState" : "VALID"
      }
    }
  }, {
    "objectGuid" : "6ee95V8YGAwb5onJk2d0y9",
    "objectName" : "stg_incremet_emp",
    "objectType" : "Folder",
    "path" : "/Explore/first project",
    "metadata" : {
      "modelVersion" : {
        "major" : 0,
        "minor" : 0
      },
      "repoInfo" : null,
      "objectRefs" : [ ],
      "contextAttributes" : [ ],
      "additionalInfo" : {
        "description" : "scd type-1,incremental load",
        "contentType" : "Binary",
        "documentState" : "COMPLETE"
      }
    }
  }, {
    "objectGuid" : "7wAoUAmlM1RbY1ZpdS8rYW",
    "objectName" : "dynamic_LOOKUP",
    "objectType" : "Folder",
    "path" : "/Explore/first project",
    "metadata" : {
      "modelVersion" : {
        "major" : 0,
        "minor" : 0
      },
      "repoInfo" : null,
      "objectRefs" : [ ],
      "contextAttributes" : [ ],
      "additionalInfo" : {
        "description" : "",
        "contentType" : "Binary",
        "documentState" : "COMPLETE"
      }
    }
  }, {
    "objectGuid" : "1GRqrn4BW8vl9zLu8aTxW2",
    "objectName" : "m_seq_agent",
    "objectType" : "DTEMPLATE",
    "path" : "/Explore/first project/seq",
    "metadata" : {
      "modelVersion" : {
        "major" : 0,
        "minor" : 0
      },
      "repoInfo" : {
        "repoHandle" : "012PP91700000000000Y"
      },
      "objectRefs" : [ "aVSsG5njaobiR5lEKcKyiW", "7pyn2xb3vc6d0IuTv8Mouj" ],
      "contextAttributes" : [ {
        "name" : "id",
        "value" : "@1"
      } ],
      "additionalInfo" : {
        "description" : "",
        "contentType" : "JSON",
        "documentState" : "VALID"
      }
    }
  }, {
    "objectGuid" : "fXbmSLkdyuvlSdtH3fcecg",
    "objectName" : "mct_m_employees",
    "objectType" : "MTT",
    "path" : "/Explore/first project/folder1",
    "metadata" : {
      "modelVersion" : {
        "major" : 0,
        "minor" : 0
      },
      "repoInfo" : {
        "repoHandle" : "012PP90Z000000000006"
      },
      "objectRefs" : [ "3FgI7rEpI81e1Tar7R314a", "gKyJioE0R2geec4QctArG5", "aVSsG5njaobiR5lEKcKyiW", "7pyn2xb3vc6d0IuTv8Mouj" ],
      "contextAttributes" : [ {
        "name" : "id",
        "value" : "@1"
      } ],
      "additionalInfo" : {
        "description" : null,
        "contentType" : "JSON",
        "documentState" : "VALID"
      }
    }
  }, {
    "objectGuid" : "5PbGpBJu1KOk4b0k8WXjQz",
    "objectName" : "m_fact_load",
    "objectType" : "DTEMPLATE",
    "path" : "/Explore/first project/Mini_Project",
    "metadata" : {
      "modelVersion" : {
        "major" : 0,
        "minor" : 0
      },
      "repoInfo" : {
        "repoHandle" : "012PP91700000000001B"
      },
      "objectRefs" : [ "1OBGvIYZCaBffvdyRsX4iH", "4P0cbUXdVF2cXjrgjDXK2d" ],
      "contextAttributes" : [ {
        "name" : "id",
        "value" : "@1"
      } ],
      "additionalInfo" : {
        "description" : "",
        "contentType" : "JSON",
        "documentState" : "VALID"
      }
    }
  }, {
    "objectGuid" : "0LsoOHy0EBDd05g4b9ArmE",
    "objectName" : "mct_m_transaction_control",
    "objectType" : "MTT",
    "path" : "/Explore/first project/transaction_control",
    "metadata" : {
      "modelVersion" : {
        "major" : 0,
        "minor" : 0
      },
      "repoInfo" : {
        "repoHandle" : "012PP90Z00000000001F"
      },
      "objectRefs" : [ "3FgI7rEpI81e1Tar7R314a", "j7ObYTspU8zjudin22Byg6", "3aamZ5v8Y1LceUUsSqmp8C", "lnYHxxgAdCxli1cdAFS9WZ" ],
      "contextAttributes" : [ {
        "name" : "id",
        "value" : "@1"
      } ],
      "additionalInfo" : {
        "description" : null,
        "contentType" : "JSON",
        "documentState" : "VALID"
      }
    }
  }, {
    "objectGuid" : "40VOcjLX6Fkl65OSkF9gmf",
    "objectName" : "sharedSEQ",
    "objectType" : "Folder",
    "path" : "/Explore/first project",
    "metadata" : {
      "modelVersion" : {
        "major" : 0,
        "minor" : 0
      },
      "repoInfo" : null,
      "objectRefs" : [ ],
      "contextAttributes" : [ ],
      "additionalInfo" : {
        "description" : "",
        "contentType" : "Binary",
        "documentState" : "COMPLETE"
      }
    }
  }, {
    "objectGuid" : "gIokrGpuKkRloJSetir2Wr",
    "objectName" : "mct_m_lookup_loc_cus",
    "objectType" : "MTT",
    "path" : "/Explore/first project/lookup",
    "metadata" : {
      "modelVersion" : {
        "major" : 0,
        "minor" : 0
      },
      "repoInfo" : {
        "repoHandle" : "012PP90Z00000000000X"
      },
      "objectRefs" : [ "4pS0Woy30WRfHgA5EVJE6Y", "3FgI7rEpI81e1Tar7R314a", "aVSsG5njaobiR5lEKcKyiW", "7pyn2xb3vc6d0IuTv8Mouj" ],
      "contextAttributes" : [ {
        "name" : "id",
        "value" : "@1"
      } ],
      "additionalInfo" : {
        "description" : null,
        "contentType" : "JSON",
        "documentState" : "VALID"
      }
    }
  }, {
    "objectGuid" : "7SuRKL1GveggRgLrNbvsGi",
    "objectName" : "lookup",
    "objectType" : "Folder",
    "path" : "/Explore/first project",
    "metadata" : {
      "modelVersion" : {
        "major" : 0,
        "minor" : 0
      },
      "repoInfo" : null,
      "objectRefs" : [ ],
      "contextAttributes" : [ ],
      "additionalInfo" : {
        "description" : "",
        "contentType" : "Binary",
        "documentState" : "COMPLETE"
      }
    }
  }, {
    "objectGuid" : "419dcx5Xk4gheAzjmbv0Ov",
    "objectName" : "mct_m_agent",
    "objectType" : "MTT",
    "path" : "/Explore/first project/folder1",
    "metadata" : {
      "modelVersion" : {
        "major" : 0,
        "minor" : 0
      },
      "repoInfo" : {
        "repoHandle" : "012PP90Z000000000003"
      },
      "objectRefs" : [ "3FgI7rEpI81e1Tar7R314a", "aVSsG5njaobiR5lEKcKyiW", "fuVVoM0Qa8Ki2rGiGtYrsH", "7pyn2xb3vc6d0IuTv8Mouj" ],
      "contextAttributes" : [ {
        "name" : "id",
        "value" : "@1"
      } ],
      "additionalInfo" : {
        "description" : null,
        "contentType" : "JSON",
        "documentState" : "VALID"
      }
    }
  }, {
    "objectGuid" : "3yrjv27mj8jbpZsoOujMw8",
    "objectName" : "m_exptrasm",
    "objectType" : "DTEMPLATE",
    "path" : "/Explore/first project/expression transformation",
    "metadata" : {
      "modelVersion" : {
        "major" : 0,
        "minor" : 0
      },
      "repoInfo" : {
        "repoHandle" : "012PP91700000000000F"
      },
      "objectRefs" : [ "aVSsG5njaobiR5lEKcKyiW", "7pyn2xb3vc6d0IuTv8Mouj" ],
      "contextAttributes" : [ {
        "name" : "id",
        "value" : "@1"
      } ],
      "additionalInfo" : {
        "description" : "",
        "contentType" : "JSON",
        "documentState" : "VALID"
      }
    }
  }, {
    "objectGuid" : "0iVQzK8qMIabnaUfX1GGGN",
    "objectName" : "m_roter_emp",
    "objectType" : "DTEMPLATE",
    "path" : "/Explore/first project/folder1",
    "metadata" : {
      "modelVersion" : {
        "major" : 0,
        "minor" : 0
      },
      "repoInfo" : {
        "repoHandle" : "012PP91700000000000E"
      },
      "objectRefs" : [ "aVSsG5njaobiR5lEKcKyiW", "7pyn2xb3vc6d0IuTv8Mouj" ],
      "contextAttributes" : [ {
        "name" : "id",
        "value" : "@1"
      } ],
      "additionalInfo" : {
        "description" : "",
        "contentType" : "JSON",
        "documentState" : "VALID"
      }
    }
  }, {
    "objectGuid" : "9v1PpW0b9htiI5SkxYRdkg",
    "objectName" : "m_tgt_agents",
    "objectType" : "DTEMPLATE",
    "path" : "/Explore/first project/quater transformation",
    "metadata" : {
      "modelVersion" : {
        "major" : 0,
        "minor" : 0
      },
      "repoInfo" : {
        "repoHandle" : "012PP91700000000000H"
      },
      "objectRefs" : [ "aVSsG5njaobiR5lEKcKyiW", "7pyn2xb3vc6d0IuTv8Mouj" ],
      "contextAttributes" : [ {
        "name" : "id",
        "value" : "@1"
      } ],
      "additionalInfo" : {
        "description" : "",
        "contentType" : "JSON",
        "documentState" : "VALID"
      }
    }
  }, {
    "objectGuid" : "jF4Za2emcEfeQSeHL7aIMW",
    "objectName" : "mct_m_tgt_location_dim",
    "objectType" : "MTT",
    "path" : "/Explore/first project/folder1",
    "metadata" : {
      "modelVersion" : {
        "major" : 0,
        "minor" : 0
      },
      "repoInfo" : {
        "repoHandle" : "012PP90Z000000000002"
      },
      "objectRefs" : [ "3FgI7rEpI81e1Tar7R314a", "0maxi5TAd7Dfd8wwWrzxk7", "aVSsG5njaobiR5lEKcKyiW", "7pyn2xb3vc6d0IuTv8Mouj" ],
      "contextAttributes" : [ {
        "name" : "id",
        "value" : "@1"
      } ],
      "additionalInfo" : {
        "description" : null,
        "contentType" : "JSON",
        "documentState" : "VALID"
      }
    }
  }, {
    "objectGuid" : "2MbwWGcyNOMkFOt51x26U9",
    "objectName" : "m_FF_tab",
    "objectType" : "DTEMPLATE",
    "path" : "/Explore/first project/Mini_Project",
    "metadata" : {
      "modelVersion" : {
        "major" : 0,
        "minor" : 0
      },
      "repoInfo" : {
        "repoHandle" : "012PP917000000000013"
      },
      "objectRefs" : [ "3aamZ5v8Y1LceUUsSqmp8C", "7pyn2xb3vc6d0IuTv8Mouj" ],
      "contextAttributes" : [ {
        "name" : "id",
        "value" : "@1"
      } ],
      "additionalInfo" : {
        "description" : "",
        "contentType" : "JSON",
        "documentState" : "VALID"
      }
    }
  }, {
    "objectGuid" : "4P0cbUXdVF2cXjrgjDXK2d",
    "objectName" : "conn_ot_stg_dev",
    "objectType" : "Connection",
    "path" : "/SYS",
    "metadata" : {
      "modelVersion" : {
        "major" : 0,
        "minor" : 0
      },
      "repoInfo" : {
        "repoHandle" : "012PP90B000000000009"
      },
      "objectRefs" : [ "3FgI7rEpI81e1Tar7R314a" ],
      "contextAttributes" : [ {
        "name" : "id",
        "value" : "@1"
      } ],
      "additionalInfo" : {
        "description" : null,
        "contentType" : "JSON",
        "documentState" : "COMPLETE"
      }
    }
  }, {
    "objectGuid" : "d6OpVlWCUqljTDWgpy3OgF",
    "objectName" : "mct_m_order_quater",
    "objectType" : "MTT",
    "path" : "/Explore/first project/quater transformation",
    "metadata" : {
      "modelVersion" : {
        "major" : 0,
        "minor" : 0
      },
      "repoInfo" : {
        "repoHandle" : "012PP90Z000000000009"
      },
      "objectRefs" : [ "3FgI7rEpI81e1Tar7R314a", "aVSsG5njaobiR5lEKcKyiW", "0UkC6yz9ZCDb2f7vI102IQ", "7pyn2xb3vc6d0IuTv8Mouj" ],
      "contextAttributes" : [ {
        "name" : "id",
        "value" : "@1"
      } ],
      "additionalInfo" : {
        "description" : null,
        "contentType" : "JSON",
        "documentState" : "VALID"
      }
    }
  }, {
    "objectGuid" : "3ZztkUN0SwOjNxWXSnD0QN",
    "objectName" : "mct_m_lookup_warehouse_loc",
    "objectType" : "MTT",
    "path" : "/Explore/first project/lookup",
    "metadata" : {
      "modelVersion" : {
        "major" : 0,
        "minor" : 0
      },
      "repoInfo" : {
        "repoHandle" : "012PP90Z00000000000Z"
      },
      "objectRefs" : [ "3FgI7rEpI81e1Tar7R314a", "aVSsG5njaobiR5lEKcKyiW", "8aI0IQbUQUrlO6fsoc4WqE", "7pyn2xb3vc6d0IuTv8Mouj" ],
      "contextAttributes" : [ {
        "name" : "id",
        "value" : "@1"
      } ],
      "additionalInfo" : {
        "description" : null,
        "contentType" : "JSON",
        "documentState" : "VALID"
      }
    }
  }, {
    "objectGuid" : "8EDHIvWelpviJqD3WfK7sV",
    "objectName" : "mct_m_roter_emp",
    "objectType" : "MTT",
    "path" : "/Explore/first project/folder1",
    "metadata" : {
      "modelVersion" : {
        "major" : 0,
        "minor" : 0
      },
      "repoInfo" : {
        "repoHandle" : "012PP90Z000000000007"
      },
      "objectRefs" : [ "3FgI7rEpI81e1Tar7R314a", "0iVQzK8qMIabnaUfX1GGGN", "aVSsG5njaobiR5lEKcKyiW", "7pyn2xb3vc6d0IuTv8Mouj" ],
      "contextAttributes" : [ {
        "name" : "id",
        "value" : "@1"
      } ],
      "additionalInfo" : {
        "description" : null,
        "contentType" : "JSON",
        "documentState" : "VALID"
      }
    }
  }, {
    "objectGuid" : "8M8kERyfIHjeZmDVNTG204",
    "objectName" : "mct_m_UNCONNECTED_LOOKUP_CAR",
    "objectType" : "MTT",
    "path" : "/Explore/first project/unconnect_lookup",
    "metadata" : {
      "modelVersion" : {
        "major" : 0,
        "minor" : 0
      },
      "repoInfo" : {
        "repoHandle" : "012PP90Z00000000001E"
      },
      "objectRefs" : [ "3FgI7rEpI81e1Tar7R314a", "aVSsG5njaobiR5lEKcKyiW", "gWA4t6hY0ubgaFHcKUBAqf", "7pyn2xb3vc6d0IuTv8Mouj" ],
      "contextAttributes" : [ {
        "name" : "id",
        "value" : "@1"
      } ],
      "additionalInfo" : {
        "description" : null,
        "contentType" : "JSON",
        "documentState" : "VALID"
      }
    }
  }, {
    "objectGuid" : "aPxZWiuXyeZh6cxyephV8h",
    "objectName" : "scdType2_cust",
    "objectType" : "DTEMPLATE",
    "path" : "/Explore/first project/Mini_Project",
    "metadata" : {
      "modelVersion" : {
        "major" : 0,
        "minor" : 0
      },
      "repoInfo" : {
        "repoHandle" : "012PP917000000000015"
      },
      "objectRefs" : [ "1OBGvIYZCaBffvdyRsX4iH", "4P0cbUXdVF2cXjrgjDXK2d" ],
      "contextAttributes" : [ {
        "name" : "id",
        "value" : "@1"
      } ],
      "additionalInfo" : {
        "description" : "",
        "contentType" : "JSON",
        "documentState" : "VALID"
      }
    }
  }, {
    "objectGuid" : "a98nCSSnMbPe1i56fjjs2B",
    "objectName" : "m_tgt_products",
    "objectType" : "DTEMPLATE",
    "path" : "/Explore/first project/folder1",
    "metadata" : {
      "modelVersion" : {
        "major" : 0,
        "minor" : 0
      },
      "repoInfo" : {
        "repoHandle" : "012PP91700000000000B"
      },
      "objectRefs" : [ "aVSsG5njaobiR5lEKcKyiW", "7pyn2xb3vc6d0IuTv8Mouj" ],
      "contextAttributes" : [ {
        "name" : "id",
        "value" : "@1"
      } ],
      "additionalInfo" : {
        "description" : "",
        "contentType" : "JSON",
        "documentState" : "VALID"
      }
    }
  }, {
    "objectGuid" : "j7ObYTspU8zjudin22Byg6",
    "objectName" : "m_transaction_control",
    "objectType" : "DTEMPLATE",
    "path" : "/Explore/first project/transaction_control",
    "metadata" : {
      "modelVersion" : {
        "major" : 0,
        "minor" : 0
      },
      "repoInfo" : {
        "repoHandle" : "012PP91700000000001E"
      },
      "objectRefs" : [ "3aamZ5v8Y1LceUUsSqmp8C", "lnYHxxgAdCxli1cdAFS9WZ" ],
      "contextAttributes" : [ {
        "name" : "id",
        "value" : "@1"
      } ],
      "additionalInfo" : {
        "description" : "",
        "contentType" : "JSON",
        "documentState" : "VALID"
      }
    }
  }, {
    "objectGuid" : "3aamZ5v8Y1LceUUsSqmp8C",
    "objectName" : "conn_src_FF",
    "objectType" : "Connection",
    "path" : "/SYS",
    "metadata" : {
      "modelVersion" : {
        "major" : 0,
        "minor" : 0
      },
      "repoInfo" : {
        "repoHandle" : "012PP90B000000000005"
      },
      "objectRefs" : [ "3FgI7rEpI81e1Tar7R314a" ],
      "contextAttributes" : [ {
        "name" : "id",
        "value" : "@1"
      } ],
      "additionalInfo" : {
        "description" : null,
        "contentType" : "JSON",
        "documentState" : "COMPLETE"
      }
    }
  }, {
    "objectGuid" : "aVSsG5njaobiR5lEKcKyiW",
    "objectName" : "conn_ot_tgt_dev3",
    "objectType" : "Connection",
    "path" : "/SYS",
    "metadata" : {
      "modelVersion" : {
        "major" : 0,
        "minor" : 0
      },
      "repoInfo" : {
        "repoHandle" : "012PP90B000000000004"
      },
      "objectRefs" : [ "3FgI7rEpI81e1Tar7R314a" ],
      "contextAttributes" : [ {
        "name" : "id",
        "value" : "@1"
      } ],
      "additionalInfo" : {
        "description" : null,
        "contentType" : "JSON",
        "documentState" : "COMPLETE"
      }
    }
  }, {
    "objectGuid" : "0UkC6yz9ZCDb2f7vI102IQ",
    "objectName" : "m_order_quater",
    "objectType" : "DTEMPLATE",
    "path" : "/Explore/first project/quater transformation",
    "metadata" : {
      "modelVersion" : {
        "major" : 0,
        "minor" : 0
      },
      "repoInfo" : {
        "repoHandle" : "012PP91700000000000G"
      },
      "objectRefs" : [ "aVSsG5njaobiR5lEKcKyiW", "7pyn2xb3vc6d0IuTv8Mouj" ],
      "contextAttributes" : [ {
        "name" : "id",
        "value" : "@1"
      } ],
      "additionalInfo" : {
        "description" : "",
        "contentType" : "JSON",
        "documentState" : "VALID"
      }
    }
  }, {
    "objectGuid" : "2Y4hQOA5yCebHI1si3DJKn",
    "objectName" : "m_tgt_product",
    "objectType" : "DTEMPLATE",
    "path" : "/Explore/first project/folder1",
    "metadata" : {
      "modelVersion" : {
        "major" : 0,
        "minor" : 0
      },
      "repoInfo" : {
        "repoHandle" : "012PP91700000000000A"
      },
      "objectRefs" : [ "aVSsG5njaobiR5lEKcKyiW", "7pyn2xb3vc6d0IuTv8Mouj" ],
      "contextAttributes" : [ {
        "name" : "id",
        "value" : "@1"
      } ],
      "additionalInfo" : {
        "description" : "",
        "contentType" : "JSON",
        "documentState" : "INVALID"
      }
    }
  }, {
    "objectGuid" : "1OBGvIYZCaBffvdyRsX4iH",
    "objectName" : "conn_ot_dim_dev",
    "objectType" : "Connection",
    "path" : "/SYS",
    "metadata" : {
      "modelVersion" : {
        "major" : 0,
        "minor" : 0
      },
      "repoInfo" : {
        "repoHandle" : "012PP90B00000000000A"
      },
      "objectRefs" : [ "3FgI7rEpI81e1Tar7R314a" ],
      "contextAttributes" : [ {
        "name" : "id",
        "value" : "@1"
      } ],
      "additionalInfo" : {
        "description" : null,
        "contentType" : "JSON",
        "documentState" : "COMPLETE"
      }
    }
  }, {
    "objectGuid" : "aS3RTyf7z6ZlUjBwnXAtq8",
    "objectName" : "m_noramlization_store",
    "objectType" : "DTEMPLATE",
    "path" : "/Explore/first project/Normalization",
    "metadata" : {
      "modelVersion" : {
        "major" : 0,
        "minor" : 0
      },
      "repoInfo" : {
        "repoHandle" : "012PP91700000000001F"
      },
      "objectRefs" : [ "3aamZ5v8Y1LceUUsSqmp8C", "lnYHxxgAdCxli1cdAFS9WZ" ],
      "contextAttributes" : [ {
        "name" : "id",
        "value" : "@1"
      } ],
      "additionalInfo" : {
        "description" : "",
        "contentType" : "JSON",
        "documentState" : "VALID"
      }
    }
  }, {
    "objectGuid" : "1r6iBItiCHXeNXUveh75UF",
    "objectName" : "mct_m_sharedsequence",
    "objectType" : "MTT",
    "path" : "/Explore/first project/sharedSEQ",
    "metadata" : {
      "modelVersion" : {
        "major" : 0,
        "minor" : 0
      },
      "repoInfo" : {
        "repoHandle" : "012PP90Z000000000013"
      },
      "objectRefs" : [ "7baYOOzo4oiePHhBxt8UuZ", "3FgI7rEpI81e1Tar7R314a", "1lg3ouMDruqhcW92yK51qy", "4P0cbUXdVF2cXjrgjDXK2d", "7pyn2xb3vc6d0IuTv8Mouj" ],
      "contextAttributes" : [ {
        "name" : "id",
        "value" : "@1"
      } ],
      "additionalInfo" : {
        "description" : null,
        "contentType" : "JSON",
        "documentState" : "VALID"
      }
    }
  }, {
    "objectGuid" : "hHjsmTruHUCiWLQWJywlCm",
    "objectName" : "mct_m_exptrasm",
    "objectType" : "MTT",
    "path" : "/Explore/first project/expression transformation",
    "metadata" : {
      "modelVersion" : {
        "major" : 0,
        "minor" : 0
      },
      "repoInfo" : {
        "repoHandle" : "012PP90Z000000000008"
      },
      "objectRefs" : [ "3FgI7rEpI81e1Tar7R314a", "3yrjv27mj8jbpZsoOujMw8", "aVSsG5njaobiR5lEKcKyiW", "7pyn2xb3vc6d0IuTv8Mouj" ],
      "contextAttributes" : [ {
        "name" : "id",
        "value" : "@1"
      } ],
      "additionalInfo" : {
        "description" : null,
        "contentType" : "JSON",
        "documentState" : "VALID"
      }
    }
  }, {
    "objectGuid" : "5GfahhhalkQfj3h83P8luj",
    "objectName" : "seq",
    "objectType" : "Folder",
    "path" : "/Explore/first project",
    "metadata" : {
      "modelVersion" : {
        "major" : 0,
        "minor" : 0
      },
      "repoInfo" : null,
      "objectRefs" : [ ],
      "contextAttributes" : [ ],
      "additionalInfo" : {
        "description" : "",
        "contentType" : "Binary",
        "documentState" : "COMPLETE"
      }
    }
  }, {
    "objectGuid" : "7pyn2xb3vc6d0IuTv8Mouj",
    "objectName" : "conn_ot_src_dev3",
    "objectType" : "Connection",
    "path" : "/SYS",
    "metadata" : {
      "modelVersion" : {
        "major" : 0,
        "minor" : 0
      },
      "repoInfo" : {
        "repoHandle" : "012PP90B000000000003"
      },
      "objectRefs" : [ "3FgI7rEpI81e1Tar7R314a" ],
      "contextAttributes" : [ {
        "name" : "id",
        "value" : "@1"
      } ],
      "additionalInfo" : {
        "description" : null,
        "contentType" : "JSON",
        "documentState" : "COMPLETE"
      }
    }
  }, {
    "objectGuid" : "4TCkqeYBiD8cy18Ls8vyQ3",
    "objectName" : "mct_Mapping2",
    "objectType" : "MTT",
    "path" : "/Explore/first project/expression transformation",
    "metadata" : {
      "modelVersion" : {
        "major" : 0,
        "minor" : 0
      },
      "repoInfo" : {
        "repoHandle" : "012PP90Z00000000000C"
      },
      "objectRefs" : [ "3FgI7rEpI81e1Tar7R314a", "aVSsG5njaobiR5lEKcKyiW", "2CrcorlQnafe8l4DEmaqWB", "7pyn2xb3vc6d0IuTv8Mouj" ],
      "contextAttributes" : [ {
        "name" : "id",
        "value" : "@1"
      } ],
      "additionalInfo" : {
        "description" : null,
        "contentType" : "JSON",
        "documentState" : "VALID"
      }
    }
  }, {
    "objectGuid" : "0O9xell3P02btFg48b4xaa",
    "objectName" : "mct_m_lookup_country_region",
    "objectType" : "MTT",
    "path" : "/Explore/first project/lookup",
    "metadata" : {
      "modelVersion" : {
        "major" : 0,
        "minor" : 0
      },
      "repoInfo" : {
        "repoHandle" : "012PP90Z00000000000Y"
      },
      "objectRefs" : [ "3FgI7rEpI81e1Tar7R314a", "d24lSlM1wGxgyiObXQD5sU", "aVSsG5njaobiR5lEKcKyiW", "7pyn2xb3vc6d0IuTv8Mouj" ],
      "contextAttributes" : [ {
        "name" : "id",
        "value" : "@1"
      } ],
      "additionalInfo" : {
        "description" : null,
        "contentType" : "JSON",
        "documentState" : "VALID"
      }
    }
  }, {
    "objectGuid" : "jxWVW0WBB2yeL5UZ7kY7qO",
    "objectName" : "conn_tgt_dev_SNOWFLAKE",
    "objectType" : "Connection",
    "path" : "/SYS",
    "metadata" : {
      "modelVersion" : {
        "major" : 0,
        "minor" : 0
      },
      "repoInfo" : {
        "repoHandle" : "012PP90B000000000008"
      },
      "objectRefs" : [ "3FgI7rEpI81e1Tar7R314a" ],
      "contextAttributes" : [ {
        "name" : "id",
        "value" : "@1"
      } ],
      "additionalInfo" : {
        "description" : null,
        "contentType" : "JSON",
        "documentState" : "COMPLETE"
      }
    }
  }, {
    "objectGuid" : "8BB2xjAP8NDgDc8vXVMlsE",
    "objectName" : "unconnect_lookup",
    "objectType" : "Folder",
    "path" : "/Explore/first project",
    "metadata" : {
      "modelVersion" : {
        "major" : 0,
        "minor" : 0
      },
      "repoInfo" : null,
      "objectRefs" : [ ],
      "contextAttributes" : [ ],
      "additionalInfo" : {
        "description" : "car models\n",
        "contentType" : "Binary",
        "documentState" : "COMPLETE"
      }
    }
  }, {
    "objectGuid" : "2CrcorlQnafe8l4DEmaqWB",
    "objectName" : "Mapping2",
    "objectType" : "DTEMPLATE",
    "path" : "/Explore/first project/expression transformation",
    "metadata" : {
      "modelVersion" : {
        "major" : 0,
        "minor" : 0
      },
      "repoInfo" : {
        "repoHandle" : "012PP91700000000000I"
      },
      "objectRefs" : [ "aVSsG5njaobiR5lEKcKyiW", "7pyn2xb3vc6d0IuTv8Mouj" ],
      "contextAttributes" : [ {
        "name" : "id",
        "value" : "@1"
      } ],
      "additionalInfo" : {
        "description" : "",
        "contentType" : "JSON",
        "documentState" : "VALID"
      }
    }
  }, {
    "objectGuid" : "0GotgKcXacSiwuW6DIoOoz",
    "objectName" : "stored_procedures",
    "objectType" : "Folder",
    "path" : "/Explore/first project",
    "metadata" : {
      "modelVersion" : {
        "major" : 0,
        "minor" : 0
      },
      "repoInfo" : null,
      "objectRefs" : [ ],
      "contextAttributes" : [ ],
      "additionalInfo" : {
        "description" : "connect and unconnected ",
        "contentType" : "Binary",
        "documentState" : "COMPLETE"
      }
    }
  }, {
    "objectGuid" : "gKyJioE0R2geec4QctArG5",
    "objectName" : "m_employees",
    "objectType" : "DTEMPLATE",
    "path" : "/Explore/first project/folder1",
    "metadata" : {
      "modelVersion" : {
        "major" : 0,
        "minor" : 0
      },
      "repoInfo" : {
        "repoHandle" : "012PP91700000000000D"
      },
      "objectRefs" : [ "aVSsG5njaobiR5lEKcKyiW", "7pyn2xb3vc6d0IuTv8Mouj" ],
      "contextAttributes" : [ {
        "name" : "id",
        "value" : "@1"
      } ],
      "additionalInfo" : {
        "description" : "",
        "contentType" : "JSON",
        "documentState" : "VALID"
      }
    }
  }, {
    "objectGuid" : "4LzG5kk8DlMc7MQzX9y4ap",
    "objectName" : "first project",
    "objectType" : "Project",
    "path" : "/Explore",
    "metadata" : {
      "modelVersion" : {
        "major" : 0,
        "minor" : 0
      },
      "repoInfo" : null,
      "objectRefs" : [ ],
      "contextAttributes" : [ ],
      "additionalInfo" : {
        "description" : "",
        "contentType" : "Binary",
        "documentState" : "COMPLETE"
      }
    }
  }, {
    "objectGuid" : "4KPX0HDQ7UpkVNwBCvpnGD",
    "objectName" : "mct_m_look_SNF",
    "objectType" : "MTT",
    "path" : "/Explore/first project/lookup",
    "metadata" : {
      "modelVersion" : {
        "major" : 0,
        "minor" : 0
      },
      "repoInfo" : {
        "repoHandle" : "012PP90Z000000000010"
      },
      "objectRefs" : [ "3FgI7rEpI81e1Tar7R314a", "jxWVW0WBB2yeL5UZ7kY7qO", "aXiLUpecuMEeTDFUk9YugY", "7pyn2xb3vc6d0IuTv8Mouj" ],
      "contextAttributes" : [ {
        "name" : "id",
        "value" : "@1"
      } ],
      "additionalInfo" : {
        "description" : null,
        "contentType" : "JSON",
        "documentState" : "VALID"
      }
    }
  }, {
    "objectGuid" : "8aI0IQbUQUrlO6fsoc4WqE",
    "objectName" : "m_lookup_warehouse_loc",
    "objectType" : "DTEMPLATE",
    "path" : "/Explore/first project/lookup",
    "metadata" : {
      "modelVersion" : {
        "major" : 0,
        "minor" : 0
      },
      "repoInfo" : {
        "repoHandle" : "012PP91700000000000V"
      },
      "objectRefs" : [ "aVSsG5njaobiR5lEKcKyiW", "7pyn2xb3vc6d0IuTv8Mouj" ],
      "contextAttributes" : [ {
        "name" : "id",
        "value" : "@1"
      } ],
      "additionalInfo" : {
        "description" : "",
        "contentType" : "JSON",
        "documentState" : "VALID"
      }
    }
  }, {
    "objectGuid" : "8OzOjigOfYFdb5S4sBxJmZ",
    "objectName" : "m_scdType2_product",
    "objectType" : "DTEMPLATE",
    "path" : "/Explore/first project/Mini_Project",
    "metadata" : {
      "modelVersion" : {
        "major" : 0,
        "minor" : 0
      },
      "repoInfo" : {
        "repoHandle" : "012PP917000000000019"
      },
      "objectRefs" : [ "1OBGvIYZCaBffvdyRsX4iH", "4P0cbUXdVF2cXjrgjDXK2d" ],
      "contextAttributes" : [ {
        "name" : "id",
        "value" : "@1"
      } ],
      "additionalInfo" : {
        "description" : "",
        "contentType" : "JSON",
        "documentState" : "VALID"
      }
    }
  }, {
    "objectGuid" : "2I5ilfP2D32c1M0wlbdusk",
    "objectName" : "mct_m_storeProcedure_unconnected",
    "objectType" : "MTT",
    "path" : "/Explore/first project/stored_procedures",
    "metadata" : {
      "modelVersion" : {
        "major" : 0,
        "minor" : 0
      },
      "repoInfo" : {
        "repoHandle" : "012PP90Z00000000001I"
      },
      "objectRefs" : [ "3FgI7rEpI81e1Tar7R314a", "jxWVW0WBB2yeL5UZ7kY7qO", "hgNNTxFNhKjh0Sg8soQAie", "7pyn2xb3vc6d0IuTv8Mouj" ],
      "contextAttributes" : [ {
        "name" : "id",
        "value" : "@1"
      } ],
      "additionalInfo" : {
        "description" : null,
        "contentType" : "JSON",
        "documentState" : "VALID"
      }
    }
  }, {
    "objectGuid" : "fuVVoM0Qa8Ki2rGiGtYrsH",
    "objectName" : "m_agent",
    "objectType" : "DTEMPLATE",
    "path" : "/Explore/first project/folder1",
    "metadata" : {
      "modelVersion" : {
        "major" : 0,
        "minor" : 0
      },
      "repoInfo" : {
        "repoHandle" : "012PP917000000000009"
      },
      "objectRefs" : [ "aVSsG5njaobiR5lEKcKyiW", "7pyn2xb3vc6d0IuTv8Mouj" ],
      "contextAttributes" : [ {
        "name" : "id",
        "value" : "@1"
      } ],
      "additionalInfo" : {
        "description" : "",
        "contentType" : "JSON",
        "documentState" : "VALID"
      }
    }
  }, {
    "objectGuid" : "9u73uUB4iepiWrrUifOpGA",
    "objectName" : "mct_m_scdType2_emp",
    "objectType" : "MTT",
    "path" : "/Explore/first project/Mini_Project",
    "metadata" : {
      "modelVersion" : {
        "major" : 0,
        "minor" : 0
      },
      "repoInfo" : {
        "repoHandle" : "012PP90Z00000000001A"
      },
      "objectRefs" : [ "3FgI7rEpI81e1Tar7R314a", "7TUAZd7sT7ObslZgeEfPcH", "1OBGvIYZCaBffvdyRsX4iH", "4P0cbUXdVF2cXjrgjDXK2d" ],
      "contextAttributes" : [ {
        "name" : "id",
        "value" : "@1"
      } ],
      "additionalInfo" : {
        "description" : null,
        "contentType" : "JSON",
        "documentState" : "VALID"
      }
    }
  }, {
    "objectGuid" : "hdjvMsNW5EZeYmU6ypTYQY",
    "objectName" : "Mini_Project",
    "objectType" : "Folder",
    "path" : "/Explore/first project",
    "metadata" : {
      "modelVersion" : {
        "major" : 0,
        "minor" : 0
      },
      "repoInfo" : null,
      "objectRefs" : [ ],
      "contextAttributes" : [ ],
      "additionalInfo" : {
        "description" : "",
        "contentType" : "Binary",
        "documentState" : "COMPLETE"
      }
    }
  }, {
    "objectGuid" : "expcOTlpkQZbuyhBCL4g81",
    "objectName" : "mct_m_FF_tab",
    "objectType" : "MTT",
    "path" : "/Explore/first project/Mini_Project",
    "metadata" : {
      "modelVersion" : {
        "major" : 0,
        "minor" : 0
      },
      "repoInfo" : {
        "repoHandle" : "012PP90Z000000000016"
      },
      "objectRefs" : [ "3FgI7rEpI81e1Tar7R314a", "3aamZ5v8Y1LceUUsSqmp8C", "2MbwWGcyNOMkFOt51x26U9", "7pyn2xb3vc6d0IuTv8Mouj" ],
      "contextAttributes" : [ {
        "name" : "id",
        "value" : "@1"
      } ],
      "additionalInfo" : {
        "description" : null,
        "contentType" : "JSON",
        "documentState" : "VALID"
      }
    }
  }, {
    "objectGuid" : "4B06ca84ea9eTCdiqjzQ0H",
    "objectName" : "m_incremental_load",
    "objectType" : "DTEMPLATE",
    "path" : "/Explore/first project/Mini_Project",
    "metadata" : {
      "modelVersion" : {
        "major" : 0,
        "minor" : 0
      },
      "repoInfo" : {
        "repoHandle" : "012PP917000000000014"
      },
      "objectRefs" : [ "4P0cbUXdVF2cXjrgjDXK2d", "7pyn2xb3vc6d0IuTv8Mouj" ],
      "contextAttributes" : [ {
        "name" : "id",
        "value" : "@1"
      } ],
      "additionalInfo" : {
        "description" : "",
        "contentType" : "JSON",
        "documentState" : "VALID"
      }
    }
  }, {
    "objectGuid" : "9SmEaBTH6Kehp2iK7GWEQA",
    "objectName" : "m_sharedsequence",
    "objectType" : "DTEMPLATE",
    "path" : "/Explore/first project/sharedSEQ",
    "metadata" : {
      "modelVersion" : {
        "major" : 0,
        "minor" : 0
      },
      "repoInfo" : {
        "repoHandle" : "012PP917000000000010"
      },
      "objectRefs" : [ "7baYOOzo4oiePHhBxt8UuZ", "4P0cbUXdVF2cXjrgjDXK2d", "7pyn2xb3vc6d0IuTv8Mouj" ],
      "contextAttributes" : [ {
        "name" : "id",
        "value" : "@1"
      } ],
      "additionalInfo" : {
        "description" : "",
        "contentType" : "JSON",
        "documentState" : "VALID"
      }
    }
  }, {
    "objectGuid" : "bcUuFQd108fbhuyzx9DnQz",
    "objectName" : "mct_m_scdType2_product",
    "objectType" : "MTT",
    "path" : "/Explore/first project/Mini_Project",
    "metadata" : {
      "modelVersion" : {
        "major" : 0,
        "minor" : 0
      },
      "repoInfo" : {
        "repoHandle" : "012PP90Z00000000001B"
      },
      "objectRefs" : [ "3FgI7rEpI81e1Tar7R314a", "1OBGvIYZCaBffvdyRsX4iH", "8OzOjigOfYFdb5S4sBxJmZ", "4P0cbUXdVF2cXjrgjDXK2d" ],
      "contextAttributes" : [ {
        "name" : "id",
        "value" : "@1"
      } ],
      "additionalInfo" : {
        "description" : null,
        "contentType" : "JSON",
        "documentState" : "VALID"
      }
    }
  }, {
    "objectGuid" : "93I4Nhg0MrrflgDK9KWsEL",
    "objectName" : "flat file",
    "objectType" : "Folder",
    "path" : "/Explore/first project",
    "metadata" : {
      "modelVersion" : {
        "major" : 0,
        "minor" : 0
      },
      "repoInfo" : null,
      "objectRefs" : [ ],
      "contextAttributes" : [ ],
      "additionalInfo" : {
        "description" : "",
        "contentType" : "Binary",
        "documentState" : "COMPLETE"
      }
    }
  }, {
    "objectGuid" : "7baYOOzo4oiePHhBxt8UuZ",
    "objectName" : "Shared Sequence1",
    "objectType" : "SequenceGenerator",
    "path" : "/Explore/first project/stg_incremet_emp",
    "metadata" : {
      "modelVersion" : {
        "major" : 0,
        "minor" : 0
      },
      "repoInfo" : {
        "repoHandle" : "012PP942000000000002"
      },
      "objectRefs" : [ ],
      "contextAttributes" : [ {
        "name" : "id",
        "value" : "@1"
      } ],
      "additionalInfo" : {
        "description" : "",
        "contentType" : "JSON",
        "documentState" : "VALID"
      }
    }
  }, {
    "objectGuid" : "bVNJPPOc1YHibRyUAW3lAV",
    "objectName" : "MCT_m_tgt_agents",
    "objectType" : "MTT",
    "path" : "/Explore/first project/quater transformation",
    "metadata" : {
      "modelVersion" : {
        "major" : 0,
        "minor" : 0
      },
      "repoInfo" : {
        "repoHandle" : "012PP90Z00000000000B"
      },
      "objectRefs" : [ "3FgI7rEpI81e1Tar7R314a", "9v1PpW0b9htiI5SkxYRdkg", "aVSsG5njaobiR5lEKcKyiW", "7pyn2xb3vc6d0IuTv8Mouj" ],
      "contextAttributes" : [ {
        "name" : "id",
        "value" : "@1"
      } ],
      "additionalInfo" : {
        "description" : null,
        "contentType" : "JSON",
        "documentState" : "VALID"
      }
    }
  }, {
    "objectGuid" : "hgNNTxFNhKjh0Sg8soQAie",
    "objectName" : "m_storeProcedure_unconnected",
    "objectType" : "DTEMPLATE",
    "path" : "/Explore/first project/stored_procedures",
    "metadata" : {
      "modelVersion" : {
        "major" : 0,
        "minor" : 0
      },
      "repoInfo" : {
        "repoHandle" : "012PP91700000000001H"
      },
      "objectRefs" : [ "jxWVW0WBB2yeL5UZ7kY7qO", "7pyn2xb3vc6d0IuTv8Mouj" ],
      "contextAttributes" : [ {
        "name" : "id",
        "value" : "@1"
      } ],
      "additionalInfo" : {
        "description" : "",
        "contentType" : "JSON",
        "documentState" : "VALID"
      }
    }
  }, {
    "objectGuid" : "4pS0Woy30WRfHgA5EVJE6Y",
    "objectName" : "m_lookup_loc_cus",
    "objectType" : "DTEMPLATE",
    "path" : "/Explore/first project/lookup",
    "metadata" : {
      "modelVersion" : {
        "major" : 0,
        "minor" : 0
      },
      "repoInfo" : {
        "repoHandle" : "012PP91700000000000T"
      },
      "objectRefs" : [ "aVSsG5njaobiR5lEKcKyiW", "7pyn2xb3vc6d0IuTv8Mouj" ],
      "contextAttributes" : [ {
        "name" : "id",
        "value" : "@1"
      } ],
      "additionalInfo" : {
        "description" : "",
        "contentType" : "JSON",
        "documentState" : "VALID"
      }
    }
  }, {
    "objectGuid" : "7TUAZd7sT7ObslZgeEfPcH",
    "objectName" : "m_scdType2_emp",
    "objectType" : "DTEMPLATE",
    "path" : "/Explore/first project/Mini_Project",
    "metadata" : {
      "modelVersion" : {
        "major" : 0,
        "minor" : 0
      },
      "repoInfo" : {
        "repoHandle" : "012PP917000000000018"
      },
      "objectRefs" : [ "1OBGvIYZCaBffvdyRsX4iH", "4P0cbUXdVF2cXjrgjDXK2d" ],
      "contextAttributes" : [ {
        "name" : "id",
        "value" : "@1"
      } ],
      "additionalInfo" : {
        "description" : "",
        "contentType" : "JSON",
        "documentState" : "VALID"
      }
    }
  }, {
    "objectGuid" : "1lg3ouMDruqhcW92yK51qy",
    "objectName" : "m_seq_share_product",
    "objectType" : "DTEMPLATE",
    "path" : "/Explore/first project/sharedSEQ",
    "metadata" : {
      "modelVersion" : {
        "major" : 0,
        "minor" : 0
      },
      "repoInfo" : {
        "repoHandle" : "012PP917000000000011"
      },
      "objectRefs" : [ "7baYOOzo4oiePHhBxt8UuZ", "4P0cbUXdVF2cXjrgjDXK2d", "7pyn2xb3vc6d0IuTv8Mouj" ],
      "contextAttributes" : [ {
        "name" : "id",
        "value" : "@1"
      } ],
      "additionalInfo" : {
        "description" : "",
        "contentType" : "JSON",
        "documentState" : "VALID"
      }
    }
  }, {
    "objectGuid" : "dVdXa5tyx29jM9XhEHpBEv",
    "objectName" : "mct_m_couontry",
    "objectType" : "MTT",
    "path" : "/Explore/first project/folder1",
    "metadata" : {
      "modelVersion" : {
        "major" : 0,
        "minor" : 0
      },
      "repoInfo" : {
        "repoHandle" : "012PP90Z000000000005"
      },
      "objectRefs" : [ "3FgI7rEpI81e1Tar7R314a", "aVSsG5njaobiR5lEKcKyiW", "1B7szpSe9KQglXgIsa3jWT", "7pyn2xb3vc6d0IuTv8Mouj" ],
      "contextAttributes" : [ {
        "name" : "id",
        "value" : "@1"
      } ],
      "additionalInfo" : {
        "description" : null,
        "contentType" : "JSON",
        "documentState" : "VALID"
      }
    }
  }, {
    "objectGuid" : "idIfZUsKge5i2w9EmqWiiu",
    "objectName" : "mct_m_scdTYpe2_deal",
    "objectType" : "MTT",
    "path" : "/Explore/first project/Mini_Project",
    "metadata" : {
      "modelVersion" : {
        "major" : 0,
        "minor" : 0
      },
      "repoInfo" : {
        "repoHandle" : "012PP90Z000000000019"
      },
      "objectRefs" : [ "3FgI7rEpI81e1Tar7R314a", "1OBGvIYZCaBffvdyRsX4iH", "2aBJqwa12BdcspvrCk1p0p", "4P0cbUXdVF2cXjrgjDXK2d" ],
      "contextAttributes" : [ {
        "name" : "id",
        "value" : "@1"
      } ],
      "additionalInfo" : {
        "description" : null,
        "contentType" : "JSON",
        "documentState" : "VALID"
      }
    }
  }, {
    "objectGuid" : "8jaYmSkt8fdhKQoxUNClos",
    "objectName" : "m_rank_union",
    "objectType" : "DTEMPLATE",
    "path" : "/Explore/first project/UNION",
    "metadata" : {
      "modelVersion" : {
        "major" : 0,
        "minor" : 0
      },
      "repoInfo" : {
        "repoHandle" : "012PP91700000000000S"
      },
      "objectRefs" : [ "3aamZ5v8Y1LceUUsSqmp8C", "aVSsG5njaobiR5lEKcKyiW", "7pyn2xb3vc6d0IuTv8Mouj" ],
      "contextAttributes" : [ {
        "name" : "id",
        "value" : "@1"
      } ],
      "additionalInfo" : {
        "description" : "",
        "contentType" : "JSON",
        "documentState" : "VALID"
      }
    }
  }, {
    "objectGuid" : "e27gVGENBMofvFsEoOLd29",
    "objectName" : "Mapping4",
    "objectType" : "DTEMPLATE",
    "path" : "/Explore/first project/Mini_Project",
    "metadata" : {
      "modelVersion" : {
        "major" : 0,
        "minor" : 0
      },
      "repoInfo" : {
        "repoHandle" : "012PP91700000000001A"
      },
      "objectRefs" : [ "1OBGvIYZCaBffvdyRsX4iH", "4P0cbUXdVF2cXjrgjDXK2d" ],
      "contextAttributes" : [ {
        "name" : "id",
        "value" : "@1"
      } ],
      "additionalInfo" : {
        "description" : "",
        "contentType" : "JSON",
        "documentState" : "INVALID"
      }
    }
  }, {
    "objectGuid" : "3Taxdj3TjIMhJ6L1ms8Jut",
    "objectName" : "folder1",
    "objectType" : "Folder",
    "path" : "/Explore/first project",
    "metadata" : {
      "modelVersion" : {
        "major" : 0,
        "minor" : 0
      },
      "repoInfo" : null,
      "objectRefs" : [ ],
      "contextAttributes" : [ ],
      "additionalInfo" : {
        "description" : "",
        "contentType" : "Binary",
        "documentState" : "COMPLETE"
      }
    }
  }, {
    "objectGuid" : "b77xSqUJV26hiClCtHJqe2",
    "objectName" : "mct_m_incremental_load",
    "objectType" : "MTT",
    "path" : "/Explore/first project/Mini_Project",
    "metadata" : {
      "modelVersion" : {
        "major" : 0,
        "minor" : 0
      },
      "repoInfo" : {
        "repoHandle" : "012PP90Z000000000017"
      },
      "objectRefs" : [ "3FgI7rEpI81e1Tar7R314a", "4B06ca84ea9eTCdiqjzQ0H", "4P0cbUXdVF2cXjrgjDXK2d", "7pyn2xb3vc6d0IuTv8Mouj" ],
      "contextAttributes" : [ {
        "name" : "id",
        "value" : "@1"
      } ],
      "additionalInfo" : {
        "description" : null,
        "contentType" : "JSON",
        "documentState" : "VALID"
      }
    }
  }, {
    "objectGuid" : "0WE9OsD4piMidqoZiMtWaL",
    "objectName" : "Normalization",
    "objectType" : "Folder",
    "path" : "/Explore/first project",
    "metadata" : {
      "modelVersion" : {
        "major" : 0,
        "minor" : 0
      },
      "repoInfo" : null,
      "objectRefs" : [ ],
      "contextAttributes" : [ ],
      "additionalInfo" : {
        "description" : "",
        "contentType" : "Binary",
        "documentState" : "COMPLETE"
      }
    }
  }, {
    "objectGuid" : "2aBJqwa12BdcspvrCk1p0p",
    "objectName" : "m_scdTYpe2_deal",
    "objectType" : "DTEMPLATE",
    "path" : "/Explore/first project/Mini_Project",
    "metadata" : {
      "modelVersion" : {
        "major" : 0,
        "minor" : 0
      },
      "repoInfo" : {
        "repoHandle" : "012PP917000000000017"
      },
      "objectRefs" : [ "1OBGvIYZCaBffvdyRsX4iH", "4P0cbUXdVF2cXjrgjDXK2d" ],
      "contextAttributes" : [ {
        "name" : "id",
        "value" : "@1"
      } ],
      "additionalInfo" : {
        "description" : "",
        "contentType" : "JSON",
        "documentState" : "VALID"
      }
    }
  }, {
    "objectGuid" : "1B7szpSe9KQglXgIsa3jWT",
    "objectName" : "Mapping1",
    "objectType" : "DTEMPLATE",
    "path" : "/Explore/first project/folder1",
    "metadata" : {
      "modelVersion" : {
        "major" : 0,
        "minor" : 0
      },
      "repoInfo" : {
        "repoHandle" : "012PP91700000000000C"
      },
      "objectRefs" : [ "aVSsG5njaobiR5lEKcKyiW", "7pyn2xb3vc6d0IuTv8Mouj" ],
      "contextAttributes" : [ {
        "name" : "id",
        "value" : "@1"
      } ],
      "additionalInfo" : {
        "description" : "",
        "contentType" : "JSON",
        "documentState" : "VALID"
      }
    }
  }, {
    "objectGuid" : "hNEf9ERSfkgcxtjtXHNg4O",
    "objectName" : "m_stg_increment_scd_typ1",
    "objectType" : "DTEMPLATE",
    "path" : "/Explore/first project/stg_incremet_emp",
    "metadata" : {
      "modelVersion" : {
        "major" : 0,
        "minor" : 0
      },
      "repoInfo" : {
        "repoHandle" : "012PP91700000000000Z"
      },
      "objectRefs" : [ "1OBGvIYZCaBffvdyRsX4iH", "4P0cbUXdVF2cXjrgjDXK2d", "7pyn2xb3vc6d0IuTv8Mouj" ],
      "contextAttributes" : [ {
        "name" : "id",
        "value" : "@1"
      } ],
      "additionalInfo" : {
        "description" : "",
        "contentType" : "JSON",
        "documentState" : "VALID"
      }
    }
  } ]
}