objectPath,objectName,objectType,id
/Explore/flat file/flat_flat,mct_m_ff_order1,MTT,3fS05T2v6lDixthwwWevuB
/Explore/flat file/flat_flat,m_ff_order,DTEMPLATE,gTLolyzUXaab1A50bOmmeC
/Explore/flat file,m_join_cust_tab_ord_FF,DTEMPLATE,3AqrxRtJqqWhVEKXEFxB6L
/Explore/flat file,flat_flat,Folder,62IvtnM9ECAd8F6rHdWkGA
/Explore/flat file,mct_m_source_order_cust,MTT,allRtSW14Djh3RKvMtJO6K
/Explore/flat file/flat_flat,m_insuran_loc,DTEMPLATE,luZlGIWlne5hrvICraWi49
/Explore/flat file,mct_m_order_cum_source,MTT,2cJmYzAT4Enc5ugox1FQQz
/SYS,SRUTHIMOL,AgentGroup,3FgI7rEpI81e1Tar7R314a
/SYS,conn_ot_tgt_dev3,Connection,aVSsG5njaobiR5lEKcKyiW
/SYS,conn_src_FF,Connection,3aamZ5v8Y1LceUUsSqmp8C
/Explore/flat file/flat_flat,mct_tab_ord,MTT,7wWgXm3gwBhfE7yZxFoDw8
/Explore/flat file,mct_m_source_order_custm,MTT,9V4SPXVbhczjgLq6e1A5oT
/Explore/flat file,mct_m_aggrt_order,MTT,3o6vWpi1toLh8lZWl3wiS6
/Explore/flat file/flat_flat,mct_m_ff_order,MTT,cfni9NtvlKwk33eHglft6N
/Explore/flat file/flat_flat,m_ff_tab,DTEMPLATE,3hLdHdd1Y1gfblyDVx3Lqk
/Explore/flat file/flat_flat,m_loc_ff_ff,DTEMPLATE,aRVEqjFzXIDfHMZpnV82Kt
/Explore/flat file,mct_m_join_cust_tab_ord_FF,MTT,3qTEqCjjkL3fNUaicAXX6g
/SYS,conn_ot_src_dev3,Connection,7pyn2xb3vc6d0IuTv8Mouj
/Explore/flat file/flat_flat,mct_ff_o,MTT,47XEKP3FgvzglvkTk47om5
/Explore/flat file,m_order_cum_source,DTEMPLATE,7hjG853vJhxhwcfBIjoD6Q
/SYS,conn_tgt_FF,Connection,lnYHxxgAdCxli1cdAFS9WZ
/Explore/flat file,mct_m_product,MTT,8xdBOYmFSQDbaC51EHhSoA
/Explore/flat file/flat_flat,mct_m_ff_tab1,MTT,5sHlz8N4pE3d2CVGDW9TwM
/Explore/flat file,m_source_order_custm,DTEMPLATE,8hYwvjyd1kUfFRAP3jPTKA
/Explore,flat file,Project,9hYL3lJ2QcxiS0F76gjDAP
/Explore/flat file/flat_flat,mct_m_loc_ff_ff,MTT,0GqdhWCk7Z0cwQx8ZwRGyY
/Explore/flat file,mct_m_order_cum_source1,MTT,0wiYqLT74X1cGZe6HuoPeR
/Explore/flat file,m_aggrt_order,DTEMPLATE,3NanPghraQkeJY4RlzRuYQ
/Explore/flat file,m_product,DTEMPLATE,aDaVTlKBmONlzjEBelvwul
/Explore/flat file/flat_flat,mct_m_ff_tab,MTT,84mRMK7RXKQjt7Pb2dJFER
/Explore/flat file/flat_flat,mct_m_insuran_loc,MTT,7oeenQoOnqKc5eWKrASqGM