{
  "name" : "flat file-1728405692639",
  "sourceOrgId" : "27bQ7RXdRilklNYk7fn3gl",
  "sourceOrgName" : "virtusa",
  "exportedObjects" : [ {
    "objectGuid" : "3fS05T2v6lDixthwwWevuB",
    "objectName" : "mct_m_ff_order1",
    "objectType" : "MTT",
    "path" : "/Explore/flat file/flat_flat",
    "metadata" : {
      "modelVersion" : {
        "major" : 0,
        "minor" : 0
      },
      "repoInfo" : {
        "repoHandle" : "012PP90Z00000000000K"
      },
      "objectRefs" : [ "3FgI7rEpI81e1Tar7R314a", "gTLolyzUXaab1A50bOmmeC", "3aamZ5v8Y1LceUUsSqmp8C", "aVSsG5njaobiR5lEKcKyiW" ],
      "contextAttributes" : [ {
        "name" : "id",
        "value" : "@1"
      } ],
      "additionalInfo" : {
        "description" : null,
        "contentType" : "JSON",
        "documentState" : "VALID"
      }
    }
  }, {
    "objectGuid" : "gTLolyzUXaab1A50bOmmeC",
    "objectName" : "m_ff_order",
    "objectType" : "DTEMPLATE",
    "path" : "/Explore/flat file/flat_flat",
    "metadata" : {
      "modelVersion" : {
        "major" : 0,
        "minor" : 0
      },
      "repoInfo" : {
        "repoHandle" : "012PP91700000000000L"
      },
      "objectRefs" : [ "3aamZ5v8Y1LceUUsSqmp8C", "aVSsG5njaobiR5lEKcKyiW" ],
      "contextAttributes" : [ {
        "name" : "id",
        "value" : "@1"
      } ],
      "additionalInfo" : {
        "description" : "",
        "contentType" : "JSON",
        "documentState" : "VALID"
      }
    }
  }, {
    "objectGuid" : "3AqrxRtJqqWhVEKXEFxB6L",
    "objectName" : "m_join_cust_tab_ord_FF",
    "objectType" : "DTEMPLATE",
    "path" : "/Explore/flat file",
    "metadata" : {
      "modelVersion" : {
        "major" : 0,
        "minor" : 0
      },
      "repoInfo" : {
        "repoHandle" : "012PP91700000000000R"
      },
      "objectRefs" : [ "3aamZ5v8Y1LceUUsSqmp8C", "aVSsG5njaobiR5lEKcKyiW", "7pyn2xb3vc6d0IuTv8Mouj" ],
      "contextAttributes" : [ {
        "name" : "id",
        "value" : "@1"
      } ],
      "additionalInfo" : {
        "description" : "",
        "contentType" : "JSON",
        "documentState" : "VALID"
      }
    }
  }, {
    "objectGuid" : "62IvtnM9ECAd8F6rHdWkGA",
    "objectName" : "flat_flat",
    "objectType" : "Folder",
    "path" : "/Explore/flat file",
    "metadata" : {
      "modelVersion" : {
        "major" : 0,
        "minor" : 0
      },
      "repoInfo" : null,
      "objectRefs" : [ ],
      "contextAttributes" : [ ],
      "additionalInfo" : {
        "description" : "",
        "contentType" : "Binary",
        "documentState" : "COMPLETE"
      }
    }
  }, {
    "objectGuid" : "allRtSW14Djh3RKvMtJO6K",
    "objectName" : "mct_m_source_order_cust",
    "objectType" : "MTT",
    "path" : "/Explore/flat file",
    "metadata" : {
      "modelVersion" : {
        "major" : 0,
        "minor" : 0
      },
      "repoInfo" : {
        "repoHandle" : "012PP90Z00000000000S"
      },
      "objectRefs" : [ "3FgI7rEpI81e1Tar7R314a", "aVSsG5njaobiR5lEKcKyiW", "7pyn2xb3vc6d0IuTv8Mouj", "8hYwvjyd1kUfFRAP3jPTKA" ],
      "contextAttributes" : [ {
        "name" : "id",
        "value" : "@1"
      } ],
      "additionalInfo" : {
        "description" : null,
        "contentType" : "JSON",
        "documentState" : "VALID"
      }
    }
  }, {
    "objectGuid" : "luZlGIWlne5hrvICraWi49",
    "objectName" : "m_insuran_loc",
    "objectType" : "DTEMPLATE",
    "path" : "/Explore/flat file/flat_flat",
    "metadata" : {
      "modelVersion" : {
        "major" : 0,
        "minor" : 0
      },
      "repoInfo" : {
        "repoHandle" : "012PP91700000000000J"
      },
      "objectRefs" : [ "3aamZ5v8Y1LceUUsSqmp8C", "lnYHxxgAdCxli1cdAFS9WZ" ],
      "contextAttributes" : [ {
        "name" : "id",
        "value" : "@1"
      } ],
      "additionalInfo" : {
        "description" : "",
        "contentType" : "JSON",
        "documentState" : "VALID"
      }
    }
  }, {
    "objectGuid" : "2cJmYzAT4Enc5ugox1FQQz",
    "objectName" : "mct_m_order_cum_source",
    "objectType" : "MTT",
    "path" : "/Explore/flat file",
    "metadata" : {
      "modelVersion" : {
        "major" : 0,
        "minor" : 0
      },
      "repoInfo" : {
        "repoHandle" : "012PP90Z00000000000T"
      },
      "objectRefs" : [ "3FgI7rEpI81e1Tar7R314a", "7hjG853vJhxhwcfBIjoD6Q", "aVSsG5njaobiR5lEKcKyiW", "7pyn2xb3vc6d0IuTv8Mouj" ],
      "contextAttributes" : [ {
        "name" : "id",
        "value" : "@1"
      } ],
      "additionalInfo" : {
        "description" : null,
        "contentType" : "JSON",
        "documentState" : "VALID"
      }
    }
  }, {
    "objectGuid" : "3FgI7rEpI81e1Tar7R314a",
    "objectName" : "SRUTHIMOL",
    "objectType" : "AgentGroup",
    "path" : "/SYS",
    "metadata" : {
      "modelVersion" : {
        "major" : 0,
        "minor" : 0
      },
      "repoInfo" : {
        "repoHandle" : "012PP925000000000007"
      },
      "objectRefs" : [ ],
      "contextAttributes" : [ {
        "name" : "id",
        "value" : "@1"
      } ],
      "additionalInfo" : {
        "description" : null,
        "contentType" : "JSON",
        "documentState" : "VALID"
      }
    }
  }, {
    "objectGuid" : "aVSsG5njaobiR5lEKcKyiW",
    "objectName" : "conn_ot_tgt_dev3",
    "objectType" : "Connection",
    "path" : "/SYS",
    "metadata" : {
      "modelVersion" : {
        "major" : 0,
        "minor" : 0
      },
      "repoInfo" : {
        "repoHandle" : "012PP90B000000000004"
      },
      "objectRefs" : [ "3FgI7rEpI81e1Tar7R314a" ],
      "contextAttributes" : [ {
        "name" : "id",
        "value" : "@1"
      } ],
      "additionalInfo" : {
        "description" : null,
        "contentType" : "JSON",
        "documentState" : "COMPLETE"
      }
    }
  }, {
    "objectGuid" : "3aamZ5v8Y1LceUUsSqmp8C",
    "objectName" : "conn_src_FF",
    "objectType" : "Connection",
    "path" : "/SYS",
    "metadata" : {
      "modelVersion" : {
        "major" : 0,
        "minor" : 0
      },
      "repoInfo" : {
        "repoHandle" : "012PP90B000000000005"
      },
      "objectRefs" : [ "3FgI7rEpI81e1Tar7R314a" ],
      "contextAttributes" : [ {
        "name" : "id",
        "value" : "@1"
      } ],
      "additionalInfo" : {
        "description" : null,
        "contentType" : "JSON",
        "documentState" : "COMPLETE"
      }
    }
  }, {
    "objectGuid" : "7wWgXm3gwBhfE7yZxFoDw8",
    "objectName" : "mct_tab_ord",
    "objectType" : "MTT",
    "path" : "/Explore/flat file/flat_flat",
    "metadata" : {
      "modelVersion" : {
        "major" : 0,
        "minor" : 0
      },
      "repoInfo" : {
        "repoHandle" : "012PP90Z00000000000N"
      },
      "objectRefs" : [ "3FgI7rEpI81e1Tar7R314a", "gTLolyzUXaab1A50bOmmeC", "3aamZ5v8Y1LceUUsSqmp8C", "aVSsG5njaobiR5lEKcKyiW" ],
      "contextAttributes" : [ {
        "name" : "id",
        "value" : "@1"
      } ],
      "additionalInfo" : {
        "description" : null,
        "contentType" : "JSON",
        "documentState" : "VALID"
      }
    }
  }, {
    "objectGuid" : "9V4SPXVbhczjgLq6e1A5oT",
    "objectName" : "mct_m_source_order_custm",
    "objectType" : "MTT",
    "path" : "/Explore/flat file",
    "metadata" : {
      "modelVersion" : {
        "major" : 0,
        "minor" : 0
      },
      "repoInfo" : {
        "repoHandle" : "012PP90Z00000000000R"
      },
      "objectRefs" : [ "3FgI7rEpI81e1Tar7R314a", "aVSsG5njaobiR5lEKcKyiW", "7pyn2xb3vc6d0IuTv8Mouj", "8hYwvjyd1kUfFRAP3jPTKA" ],
      "contextAttributes" : [ {
        "name" : "id",
        "value" : "@1"
      } ],
      "additionalInfo" : {
        "description" : null,
        "contentType" : "JSON",
        "documentState" : "VALID"
      }
    }
  }, {
    "objectGuid" : "3o6vWpi1toLh8lZWl3wiS6",
    "objectName" : "mct_m_aggrt_order",
    "objectType" : "MTT",
    "path" : "/Explore/flat file",
    "metadata" : {
      "modelVersion" : {
        "major" : 0,
        "minor" : 0
      },
      "repoInfo" : {
        "repoHandle" : "012PP90Z00000000000Q"
      },
      "objectRefs" : [ "3FgI7rEpI81e1Tar7R314a", "3aamZ5v8Y1LceUUsSqmp8C", "lnYHxxgAdCxli1cdAFS9WZ", "3NanPghraQkeJY4RlzRuYQ" ],
      "contextAttributes" : [ {
        "name" : "id",
        "value" : "@1"
      } ],
      "additionalInfo" : {
        "description" : null,
        "contentType" : "JSON",
        "documentState" : "VALID"
      }
    }
  }, {
    "objectGuid" : "cfni9NtvlKwk33eHglft6N",
    "objectName" : "mct_m_ff_order",
    "objectType" : "MTT",
    "path" : "/Explore/flat file/flat_flat",
    "metadata" : {
      "modelVersion" : {
        "major" : 0,
        "minor" : 0
      },
      "repoInfo" : {
        "repoHandle" : "012PP90Z00000000000J"
      },
      "objectRefs" : [ "3FgI7rEpI81e1Tar7R314a", "gTLolyzUXaab1A50bOmmeC", "3aamZ5v8Y1LceUUsSqmp8C", "aVSsG5njaobiR5lEKcKyiW" ],
      "contextAttributes" : [ {
        "name" : "id",
        "value" : "@1"
      } ],
      "additionalInfo" : {
        "description" : null,
        "contentType" : "JSON",
        "documentState" : "VALID"
      }
    }
  }, {
    "objectGuid" : "3hLdHdd1Y1gfblyDVx3Lqk",
    "objectName" : "m_ff_tab",
    "objectType" : "DTEMPLATE",
    "path" : "/Explore/flat file/flat_flat",
    "metadata" : {
      "modelVersion" : {
        "major" : 0,
        "minor" : 0
      },
      "repoInfo" : {
        "repoHandle" : "012PP91700000000000K"
      },
      "objectRefs" : [ "3aamZ5v8Y1LceUUsSqmp8C", "aVSsG5njaobiR5lEKcKyiW" ],
      "contextAttributes" : [ {
        "name" : "id",
        "value" : "@1"
      } ],
      "additionalInfo" : {
        "description" : "",
        "contentType" : "JSON",
        "documentState" : "VALID"
      }
    }
  }, {
    "objectGuid" : "aRVEqjFzXIDfHMZpnV82Kt",
    "objectName" : "m_loc_ff_ff",
    "objectType" : "DTEMPLATE",
    "path" : "/Explore/flat file/flat_flat",
    "metadata" : {
      "modelVersion" : {
        "major" : 0,
        "minor" : 0
      },
      "repoInfo" : {
        "repoHandle" : "012PP91700000000000N"
      },
      "objectRefs" : [ "3aamZ5v8Y1LceUUsSqmp8C", "lnYHxxgAdCxli1cdAFS9WZ" ],
      "contextAttributes" : [ {
        "name" : "id",
        "value" : "@1"
      } ],
      "additionalInfo" : {
        "description" : "",
        "contentType" : "JSON",
        "documentState" : "VALID"
      }
    }
  }, {
    "objectGuid" : "3qTEqCjjkL3fNUaicAXX6g",
    "objectName" : "mct_m_join_cust_tab_ord_FF",
    "objectType" : "MTT",
    "path" : "/Explore/flat file",
    "metadata" : {
      "modelVersion" : {
        "major" : 0,
        "minor" : 0
      },
      "repoInfo" : {
        "repoHandle" : "012PP90Z00000000000V"
      },
      "objectRefs" : [ "3FgI7rEpI81e1Tar7R314a", "3AqrxRtJqqWhVEKXEFxB6L", "3aamZ5v8Y1LceUUsSqmp8C", "aVSsG5njaobiR5lEKcKyiW", "7pyn2xb3vc6d0IuTv8Mouj" ],
      "contextAttributes" : [ {
        "name" : "id",
        "value" : "@1"
      } ],
      "additionalInfo" : {
        "description" : null,
        "contentType" : "JSON",
        "documentState" : "VALID"
      }
    }
  }, {
    "objectGuid" : "7pyn2xb3vc6d0IuTv8Mouj",
    "objectName" : "conn_ot_src_dev3",
    "objectType" : "Connection",
    "path" : "/SYS",
    "metadata" : {
      "modelVersion" : {
        "major" : 0,
        "minor" : 0
      },
      "repoInfo" : {
        "repoHandle" : "012PP90B000000000003"
      },
      "objectRefs" : [ "3FgI7rEpI81e1Tar7R314a" ],
      "contextAttributes" : [ {
        "name" : "id",
        "value" : "@1"
      } ],
      "additionalInfo" : {
        "description" : null,
        "contentType" : "JSON",
        "documentState" : "COMPLETE"
      }
    }
  }, {
    "objectGuid" : "47XEKP3FgvzglvkTk47om5",
    "objectName" : "mct_ff_o",
    "objectType" : "MTT",
    "path" : "/Explore/flat file/flat_flat",
    "metadata" : {
      "modelVersion" : {
        "major" : 0,
        "minor" : 0
      },
      "repoInfo" : {
        "repoHandle" : "012PP90Z00000000000M"
      },
      "objectRefs" : [ "3FgI7rEpI81e1Tar7R314a", "gTLolyzUXaab1A50bOmmeC", "3aamZ5v8Y1LceUUsSqmp8C", "aVSsG5njaobiR5lEKcKyiW" ],
      "contextAttributes" : [ {
        "name" : "id",
        "value" : "@1"
      } ],
      "additionalInfo" : {
        "description" : null,
        "contentType" : "JSON",
        "documentState" : "VALID"
      }
    }
  }, {
    "objectGuid" : "7hjG853vJhxhwcfBIjoD6Q",
    "objectName" : "m_order_cum_source",
    "objectType" : "DTEMPLATE",
    "path" : "/Explore/flat file",
    "metadata" : {
      "modelVersion" : {
        "major" : 0,
        "minor" : 0
      },
      "repoInfo" : {
        "repoHandle" : "012PP91700000000000Q"
      },
      "objectRefs" : [ "aVSsG5njaobiR5lEKcKyiW", "7pyn2xb3vc6d0IuTv8Mouj" ],
      "contextAttributes" : [ {
        "name" : "id",
        "value" : "@1"
      } ],
      "additionalInfo" : {
        "description" : "",
        "contentType" : "JSON",
        "documentState" : "VALID"
      }
    }
  }, {
    "objectGuid" : "lnYHxxgAdCxli1cdAFS9WZ",
    "objectName" : "conn_tgt_FF",
    "objectType" : "Connection",
    "path" : "/SYS",
    "metadata" : {
      "modelVersion" : {
        "major" : 0,
        "minor" : 0
      },
      "repoInfo" : {
        "repoHandle" : "012PP90B000000000006"
      },
      "objectRefs" : [ "3FgI7rEpI81e1Tar7R314a" ],
      "contextAttributes" : [ {
        "name" : "id",
        "value" : "@1"
      } ],
      "additionalInfo" : {
        "description" : null,
        "contentType" : "JSON",
        "documentState" : "COMPLETE"
      }
    }
  }, {
    "objectGuid" : "8xdBOYmFSQDbaC51EHhSoA",
    "objectName" : "mct_m_product",
    "objectType" : "MTT",
    "path" : "/Explore/flat file",
    "metadata" : {
      "modelVersion" : {
        "major" : 0,
        "minor" : 0
      },
      "repoInfo" : {
        "repoHandle" : "012PP90Z00000000000O"
      },
      "objectRefs" : [ "3FgI7rEpI81e1Tar7R314a", "lnYHxxgAdCxli1cdAFS9WZ", "aDaVTlKBmONlzjEBelvwul", "7pyn2xb3vc6d0IuTv8Mouj" ],
      "contextAttributes" : [ {
        "name" : "id",
        "value" : "@1"
      } ],
      "additionalInfo" : {
        "description" : null,
        "contentType" : "JSON",
        "documentState" : "VALID"
      }
    }
  }, {
    "objectGuid" : "5sHlz8N4pE3d2CVGDW9TwM",
    "objectName" : "mct_m_ff_tab1",
    "objectType" : "MTT",
    "path" : "/Explore/flat file/flat_flat",
    "metadata" : {
      "modelVersion" : {
        "major" : 0,
        "minor" : 0
      },
      "repoInfo" : {
        "repoHandle" : "012PP90Z00000000000I"
      },
      "objectRefs" : [ "3FgI7rEpI81e1Tar7R314a", "3aamZ5v8Y1LceUUsSqmp8C", "aVSsG5njaobiR5lEKcKyiW", "3hLdHdd1Y1gfblyDVx3Lqk" ],
      "contextAttributes" : [ {
        "name" : "id",
        "value" : "@1"
      } ],
      "additionalInfo" : {
        "description" : null,
        "contentType" : "JSON",
        "documentState" : "VALID"
      }
    }
  }, {
    "objectGuid" : "8hYwvjyd1kUfFRAP3jPTKA",
    "objectName" : "m_source_order_custm",
    "objectType" : "DTEMPLATE",
    "path" : "/Explore/flat file",
    "metadata" : {
      "modelVersion" : {
        "major" : 0,
        "minor" : 0
      },
      "repoInfo" : {
        "repoHandle" : "012PP91700000000000P"
      },
      "objectRefs" : [ "aVSsG5njaobiR5lEKcKyiW", "7pyn2xb3vc6d0IuTv8Mouj" ],
      "contextAttributes" : [ {
        "name" : "id",
        "value" : "@1"
      } ],
      "additionalInfo" : {
        "description" : "",
        "contentType" : "JSON",
        "documentState" : "VALID"
      }
    }
  }, {
    "objectGuid" : "9hYL3lJ2QcxiS0F76gjDAP",
    "objectName" : "flat file",
    "objectType" : "Project",
    "path" : "/Explore",
    "metadata" : {
      "modelVersion" : {
        "major" : 0,
        "minor" : 0
      },
      "repoInfo" : null,
      "objectRefs" : [ ],
      "contextAttributes" : [ ],
      "additionalInfo" : {
        "description" : "only flat files",
        "contentType" : "Binary",
        "documentState" : "COMPLETE"
      }
    }
  }, {
    "objectGuid" : "0GqdhWCk7Z0cwQx8ZwRGyY",
    "objectName" : "mct_m_loc_ff_ff",
    "objectType" : "MTT",
    "path" : "/Explore/flat file/flat_flat",
    "metadata" : {
      "modelVersion" : {
        "major" : 0,
        "minor" : 0
      },
      "repoInfo" : {
        "repoHandle" : "012PP90Z00000000000P"
      },
      "objectRefs" : [ "3FgI7rEpI81e1Tar7R314a", "3aamZ5v8Y1LceUUsSqmp8C", "lnYHxxgAdCxli1cdAFS9WZ", "aRVEqjFzXIDfHMZpnV82Kt" ],
      "contextAttributes" : [ {
        "name" : "id",
        "value" : "@1"
      } ],
      "additionalInfo" : {
        "description" : null,
        "contentType" : "JSON",
        "documentState" : "VALID"
      }
    }
  }, {
    "objectGuid" : "0wiYqLT74X1cGZe6HuoPeR",
    "objectName" : "mct_m_order_cum_source1",
    "objectType" : "MTT",
    "path" : "/Explore/flat file",
    "metadata" : {
      "modelVersion" : {
        "major" : 0,
        "minor" : 0
      },
      "repoInfo" : {
        "repoHandle" : "012PP90Z00000000000U"
      },
      "objectRefs" : [ "3FgI7rEpI81e1Tar7R314a", "7hjG853vJhxhwcfBIjoD6Q", "aVSsG5njaobiR5lEKcKyiW", "7pyn2xb3vc6d0IuTv8Mouj" ],
      "contextAttributes" : [ {
        "name" : "id",
        "value" : "@1"
      } ],
      "additionalInfo" : {
        "description" : null,
        "contentType" : "JSON",
        "documentState" : "VALID"
      }
    }
  }, {
    "objectGuid" : "3NanPghraQkeJY4RlzRuYQ",
    "objectName" : "m_aggrt_order",
    "objectType" : "DTEMPLATE",
    "path" : "/Explore/flat file",
    "metadata" : {
      "modelVersion" : {
        "major" : 0,
        "minor" : 0
      },
      "repoInfo" : {
        "repoHandle" : "012PP91700000000000O"
      },
      "objectRefs" : [ "3aamZ5v8Y1LceUUsSqmp8C", "lnYHxxgAdCxli1cdAFS9WZ" ],
      "contextAttributes" : [ {
        "name" : "id",
        "value" : "@1"
      } ],
      "additionalInfo" : {
        "description" : "",
        "contentType" : "JSON",
        "documentState" : "VALID"
      }
    }
  }, {
    "objectGuid" : "aDaVTlKBmONlzjEBelvwul",
    "objectName" : "m_product",
    "objectType" : "DTEMPLATE",
    "path" : "/Explore/flat file",
    "metadata" : {
      "modelVersion" : {
        "major" : 0,
        "minor" : 0
      },
      "repoInfo" : {
        "repoHandle" : "012PP91700000000000M"
      },
      "objectRefs" : [ "lnYHxxgAdCxli1cdAFS9WZ", "7pyn2xb3vc6d0IuTv8Mouj" ],
      "contextAttributes" : [ {
        "name" : "id",
        "value" : "@1"
      } ],
      "additionalInfo" : {
        "description" : "",
        "contentType" : "JSON",
        "documentState" : "VALID"
      }
    }
  }, {
    "objectGuid" : "84mRMK7RXKQjt7Pb2dJFER",
    "objectName" : "mct_m_ff_tab",
    "objectType" : "MTT",
    "path" : "/Explore/flat file/flat_flat",
    "metadata" : {
      "modelVersion" : {
        "major" : 0,
        "minor" : 0
      },
      "repoInfo" : {
        "repoHandle" : "012PP90Z00000000000H"
      },
      "objectRefs" : [ "3FgI7rEpI81e1Tar7R314a", "3aamZ5v8Y1LceUUsSqmp8C", "aVSsG5njaobiR5lEKcKyiW", "3hLdHdd1Y1gfblyDVx3Lqk" ],
      "contextAttributes" : [ {
        "name" : "id",
        "value" : "@1"
      } ],
      "additionalInfo" : {
        "description" : null,
        "contentType" : "JSON",
        "documentState" : "VALID"
      }
    }
  }, {
    "objectGuid" : "7oeenQoOnqKc5eWKrASqGM",
    "objectName" : "mct_m_insuran_loc",
    "objectType" : "MTT",
    "path" : "/Explore/flat file/flat_flat",
    "metadata" : {
      "modelVersion" : {
        "major" : 0,
        "minor" : 0
      },
      "repoInfo" : {
        "repoHandle" : "012PP90Z00000000000D"
      },
      "objectRefs" : [ "luZlGIWlne5hrvICraWi49", "3FgI7rEpI81e1Tar7R314a", "3aamZ5v8Y1LceUUsSqmp8C", "lnYHxxgAdCxli1cdAFS9WZ" ],
      "contextAttributes" : [ {
        "name" : "id",
        "value" : "@1"
      } ],
      "additionalInfo" : {
        "description" : null,
        "contentType" : "JSON",
        "documentState" : "VALID"
      }
    }
  } ]
}